,label,mean,std
0,1.0,-0.0991367772222,0.183457523584
1,0.0,0.199641868472,-0.47668582201
2,0.0,0.30354014039,-0.747564435005
3,0.0,0.15172316134,-0.222569614649
4,0.0,0.223042994738,-0.456861436367
5,1.0,-0.107593119144,0.27315568924
6,1.0,-0.0674429163337,0.239844352007
7,0.0,0.0542128533125,-0.0769400969148
8,0.0,0.366250485182,-0.900753557682
9,0.0,0.102806024253,-0.28449729085
10,1.0,-0.316131770611,0.657628715038
11,0.0,0.0418020151556,-0.11376363039
12,1.0,-0.0332087948918,0.100586675107
13,0.0,0.0776345431805,-0.0968552827835
14,0.0,0.14543530345,-0.430837750435
15,1.0,-0.163074985147,0.392969101667
16,0.0,0.307840973139,-0.886146605015
17,1.0,-0.281108617783,0.62111312151
18,1.0,0.0191194266081,0.0237267687917
19,0.0,0.269285023212,-0.710867106915
20,0.0,0.0942760407925,-0.161269277334
21,0.0,0.327702134848,-0.803546965122
22,1.0,-0.347273588181,0.712658405304
23,0.0,0.33729866147,-0.629513919353
24,1.0,0.0110535677522,0.0450084134936
25,1.0,-0.203870370984,0.464230448008
26,0.0,0.117431432009,-0.114244356751
27,1.0,-0.2223995924,0.460383445024
28,1.0,-0.19957254827,0.400427639484
29,1.0,-0.109652392566,0.344631612301
30,0.0,0.258835941553,-0.571979999542
31,0.0,0.313705563545,-0.7707041502
32,0.0,0.300799369812,-0.541614115238
33,1.0,-0.263695418835,0.593455612659
34,1.0,-0.191924139857,0.439050972462
35,1.0,-0.0471090599895,0.0615020468831
36,0.0,0.257943034172,-0.604470133781
37,0.0,0.264061957598,-0.60462141037
38,1.0,-0.28859603405,0.582163751125
39,1.0,-0.265645325184,0.603391826153
40,0.0,0.459759712219,-1.00932002068
41,1.0,-0.150562688708,0.363953590393
42,1.0,-0.0948461070657,0.261787712574
43,1.0,-0.10365973413,0.265364438295
44,0.0,0.146106332541,-0.22471767664
45,1.0,-0.19557222724,0.323712557554
46,1.0,-0.158050850034,0.372232675552
47,0.0,0.338914334774,-0.802914500237
48,0.0,0.212539836764,-0.531365036964
49,1.0,-0.183285012841,0.425570756197
50,0.0,0.310836523771,-0.71287548542
51,0.0,0.101170748472,-0.0559452846646
52,1.0,0.0168002210557,-0.0187943950295
53,1.0,-0.217616528273,0.588012456894
54,0.0,0.224628120661,-0.593373000622
55,1.0,-0.179488420486,0.438398241997
56,0.0,0.160660818219,-0.424562990665
57,0.0,0.391244828701,-0.943058371544
58,1.0,-0.152192756534,0.217691659927
59,0.0,0.298068791628,-0.730405151844
60,1.0,-0.180378124118,0.456028044224
61,1.0,-0.17321048677,0.438315778971
62,0.0,0.138354942203,-0.227808445692
63,1.0,-0.121831446886,0.332737088203
64,1.0,-0.142183482647,0.291271865368
65,1.0,-0.243588447571,0.542267262936
66,0.0,0.22525241971,-0.51783657074
67,1.0,-0.165146097541,0.426821440458
68,1.0,-0.104242503643,0.334442347288
69,0.0,0.134732380509,-0.378837525845
70,1.0,0.00415018200874,0.0433733090758
71,1.0,-0.112763360143,0.293894410133
72,1.0,-0.058682076633,0.174931198359
73,0.0,0.33611664176,-0.780169010162
74,1.0,-0.0437284857035,0.195640325546
75,1.0,-0.200602188706,0.541035056114
76,0.0,0.116109877825,-0.278998881578
77,1.0,-0.0709155648947,0.2401009202
78,0.0,0.137868314981,-0.292955577374
79,1.0,-0.158168822527,0.312728881836
80,0.0,0.245486348867,-0.64710265398
81,1.0,-0.282765686512,0.690484404564
82,0.0,0.0974721610546,-0.221163630486
83,1.0,-0.133262306452,0.299299567938
84,1.0,-0.244615361094,0.582169532776
85,0.0,0.413360744715,-0.998591125011
86,0.0,0.110155135393,-0.252795338631
87,1.0,-0.0413016863167,0.094747774303
88,0.0,0.0535891726613,-0.119586832821
89,1.0,-0.220324441791,0.532537162304
90,1.0,-0.184053257108,0.469345241785
91,0.0,0.106427609921,-0.29315534234
92,0.0,0.238313555717,-0.521478116512
93,1.0,-0.283731579781,0.556655049324
94,1.0,-0.397444993258,0.712457060814
95,1.0,-0.191447421908,0.51195949316
96,0.0,0.319314271212,-0.742751121521
97,0.0,0.141952320933,-0.247523784637
98,1.0,-0.0777148008347,0.137118071318
99,1.0,-0.00656776316464,-0.00560243800282
100,1.0,-0.145737096667,0.262819468975
101,1.0,-0.230994611979,0.675924897194
102,1.0,-0.352313190699,0.733713984489
103,1.0,-0.230223745108,0.511480033398
104,1.0,0.128626570106,-0.160550281405
105,1.0,0.0410076528788,-0.0609257891774
106,0.0,0.3763705194,-0.926614701748
107,0.0,0.128350749612,-0.364584952593
108,0.0,0.248017042875,-0.602836668491
109,1.0,-0.223431423306,0.473065406084
110,0.0,0.375308305025,-0.801171243191
111,1.0,-0.0617229342461,0.088070563972
112,1.0,-0.270539820194,0.713310062885
113,0.0,0.200072929263,-0.311612635851
114,1.0,-0.281135976315,0.70387250185
115,0.0,0.0583817660809,-0.0472188293934
116,0.0,0.142987623811,-0.265945255756
117,0.0,0.209204211831,-0.515800833702
118,1.0,-0.279923945665,0.645685732365
119,1.0,-0.0216666366905,0.0202615372837
120,0.0,0.217089012265,-0.44669342041
121,0.0,0.277922511101,-0.587020456791
122,0.0,0.178333997726,-0.432839989662
123,1.0,-0.295630663633,0.655261516571
124,1.0,-0.0989259257913,0.268469512463
125,1.0,0.0848581194878,-0.216314375401
126,0.0,0.11915948987,-0.42071506381
127,1.0,-0.0523612610996,0.172979384661
128,0.0,0.0780677571893,-0.244218885899
129,0.0,0.319875091314,-0.681394517422
130,0.0,0.232010781765,-0.473527163267
131,0.0,0.386832416058,-0.866984188557
132,1.0,-0.0967763140798,0.249482572079
133,1.0,-0.168326377869,0.394845128059
134,1.0,-0.0583732239902,0.170062512159
135,0.0,0.200312256813,-0.252847343683
136,1.0,-0.160149589181,0.414281278849
137,1.0,-0.233350217342,0.496572941542
138,0.0,0.208268284798,-0.519297301769
139,1.0,-0.145923838019,0.339596539736
140,1.0,0.000208282843232,0.0264951139688
141,1.0,-0.297122269869,0.647911548615
142,1.0,-0.23874142766,0.46222653985
143,1.0,-0.0265983454883,0.292159289122
144,1.0,-0.161606222391,0.489474326372
145,1.0,-0.261487722397,0.542664647102
146,0.0,0.117904320359,-0.235187888145
147,0.0,0.327789962292,-0.688144266605
148,1.0,-0.0764010325074,0.184287875891
149,0.0,0.156176283956,-0.317471653223
150,1.0,-0.134289383888,0.354418605566
151,1.0,0.0386707782745,-0.0933824032545
152,1.0,-0.0402577593923,0.109484679997
153,0.0,0.270605951548,-0.608591794968
154,0.0,0.245688736439,-0.628415763378
155,0.0,0.16796733439,-0.331516444683
156,0.0,0.384103029966,-0.93545794487
157,1.0,-0.251165807247,0.681931555271
158,0.0,0.232603281736,-0.587205588818
159,1.0,-0.240072563291,0.543274819851
160,0.0,0.33966344595,-0.709045648575
161,1.0,-0.253884077072,0.640743494034
162,0.0,0.364454239607,-0.839307963848
163,0.0,0.212235838175,-0.372446089983
164,1.0,-0.20128364861,0.471130162477
165,1.0,-0.0868693962693,0.252916634083
166,0.0,0.197342291474,-0.510190069675
167,0.0,0.0905844196677,-0.158289000392
168,0.0,0.169923990965,-0.51629203558
169,1.0,-0.284457743168,0.608867406845
170,1.0,-0.0673568248749,0.160684406757
171,1.0,-0.236211940646,0.499384611845
172,0.0,0.349445313215,-0.903946876526
173,0.0,0.382174491882,-0.799615442753
174,0.0,0.400266766548,-0.925170361996
175,1.0,-0.116533733904,0.303354859352
176,0.0,0.0539278760552,-0.119527295232
177,0.0,0.371521264315,-0.794895410538
178,1.0,0.021721817553,-0.0511105284095
179,0.0,0.377264410257,-0.835933327675
180,0.0,0.203205138445,-0.47828117013
181,0.0,0.346969604492,-0.923937797546
182,0.0,0.28903606534,-0.758083462715
183,1.0,-0.268281579018,0.659492015839
184,0.0,0.222228705883,-0.526283562183
185,0.0,0.335041821003,-0.7894526124
186,0.0,0.301576584578,-0.648318529129
187,0.0,0.343052893877,-0.782240867615
188,1.0,-0.164135783911,0.369949609041
189,1.0,-0.256393253803,0.617636919022
190,1.0,-0.255356132984,0.59562265873
191,0.0,0.267523318529,-0.77210777998
192,0.0,0.332270771265,-0.84561252594
193,1.0,-0.0984305143356,0.251771718264
194,1.0,0.00882430002093,0.0598407611251
195,1.0,-0.287368893623,0.774606108665
196,1.0,-0.234247669578,0.431773394346
197,1.0,-0.165877982974,0.452386915684
198,1.0,0.0821769461036,-0.0185972042382
199,1.0,-0.0933603569865,0.25624063611
200,0.0,0.108342453837,-0.217852950096
201,0.0,0.138130038977,-0.35178694129
202,0.0,0.205732285976,-0.55377215147
203,1.0,-0.0640367120504,0.273422151804
204,1.0,-0.284352242947,0.666348338127
205,1.0,-0.00721144396812,0.1243859604
206,0.0,0.267737656832,-0.609662890434
207,1.0,-0.0928800925612,0.255033105612
208,1.0,-0.189449220896,0.374317079782
209,0.0,0.261907964945,-0.66639405489
210,1.0,-0.300609230995,0.625814676285
211,1.0,0.0110576655716,0.012366425246
212,0.0,0.319379657507,-0.85823905468
213,1.0,-0.0576041601598,0.247044503689
214,0.0,0.302879065275,-0.707033872604
215,0.0,0.39380261302,-0.886479139328
216,1.0,-0.0766872018576,0.26168975234
217,1.0,-0.212617337704,0.538452208042
218,1.0,0.00933573767543,0.054781191051
219,1.0,-0.175206720829,0.349126011133
220,0.0,0.156284406781,-0.275909006596
221,0.0,0.158960804343,-0.361266851425
222,0.0,0.237765431404,-0.593111097813
223,1.0,-0.181225210428,0.362383216619
224,1.0,-0.0159494113177,0.158465057611
225,0.0,0.079877898097,-0.135651454329
226,1.0,-0.248233929276,0.599951267242
227,1.0,-0.0801284909248,0.226018577814
228,0.0,0.376995503902,-0.851376473904
229,0.0,0.339403390884,-0.748601973057
230,1.0,-0.280155718327,0.563972830772
231,0.0,0.0522874817252,-0.102187387645
232,0.0,0.21909609437,-0.582526564598
233,1.0,-0.119980789721,0.341654568911
234,1.0,-0.0486060269177,0.179263055325
235,0.0,0.202603891492,-0.4097610116
236,0.0,0.354833692312,-0.857455968857
237,0.0,0.313652902842,-0.773736059666
238,0.0,0.097971111536,-0.297379851341
239,1.0,-0.104625999928,0.29975605011
240,1.0,0.0185567215085,-0.0246772542596
241,1.0,-0.245862931013,0.522507607937
242,0.0,0.354795098305,-0.612627148628
243,0.0,0.170780271292,-0.419025242329
244,0.0,0.276449918747,-0.663877665997
245,1.0,-0.124889910221,0.357058107853
246,0.0,0.24269336462,-0.485026985407
247,0.0,0.174938514829,-0.353412240744
248,1.0,-0.19128061831,0.406777262688
249,0.0,0.321499943733,-0.820146024227
250,1.0,-0.213338285685,0.48904517293
251,0.0,0.11681380868,-0.240112394094
252,1.0,-0.28537273407,0.696911513805
253,1.0,-0.176668643951,0.315018773079
254,1.0,-0.105689205229,0.220620900393
255,0.0,0.275687724352,-0.547897517681
256,1.0,-0.237356022,0.594644606113
257,1.0,-0.328850060701,0.661556959152
258,0.0,0.32015106082,-0.749776184559
259,1.0,-0.258321940899,0.557126700878
260,0.0,0.0566510483623,-0.153358906507
261,0.0,0.0533893033862,-0.0754179358482
262,1.0,-0.179276168346,0.482821136713
263,1.0,-0.133070021868,0.334156692028
264,0.0,0.331019759178,-0.795566856861
265,1.0,-0.196670770645,0.443930417299
266,0.0,0.0916048362851,-0.185682028532
267,1.0,-0.00784032139927,0.0773312672973
268,0.0,0.322696506977,-0.716351270676
269,0.0,0.149405032396,-0.305339097977
270,0.0,0.3354421556,-0.739203929901
271,0.0,0.15886130929,-0.333625108004
272,1.0,-0.0573980994523,0.124434404075
273,0.0,0.35853856802,-0.72878497839
274,0.0,0.142597973347,-0.335503190756
275,0.0,0.322890430689,-0.790250837803
276,1.0,-0.189004436135,0.390248835087
277,1.0,-0.0886251553893,0.0505703613162
278,1.0,-0.250058054924,0.586427628994
279,0.0,0.208138108253,-0.421108305454
280,1.0,-0.13165140152,0.300046622753
281,1.0,-0.104305833578,0.221632957458
282,1.0,-0.215275943279,0.461588293314
283,0.0,0.17045225203,-0.372758150101
284,1.0,-0.314933121204,0.772148311138
285,1.0,-0.128031224012,0.381115704775
286,1.0,-0.0350520089269,0.13388171792
287,1.0,0.042383801192,-0.0732129365206
288,1.0,-0.211018502712,0.395846188068
289,1.0,-0.251235604286,0.495106130838
290,1.0,-0.0829942524433,0.266781151295
291,1.0,-0.0351067706943,0.143905103207
292,0.0,0.220757707953,-0.406363070011
293,1.0,-0.265138804913,0.689248263836
294,1.0,-0.249201074243,0.607527732849
295,0.0,0.125085011125,-0.285533428192
296,0.0,0.11002369225,-0.265214920044
297,0.0,0.33926063776,-0.833375930786
298,0.0,0.131124123931,-0.403827160597
299,0.0,0.0955236330628,-0.268794804811
300,0.0,0.328566163778,-0.81067097187
301,1.0,-0.23616220057,0.597244203091
302,0.0,0.0926369056106,-0.131616279483
303,1.0,-0.253005206585,0.529636502266
304,0.0,0.117260739207,-0.260986119509
305,0.0,0.294858515263,-0.892406702042
306,0.0,0.195420324802,-0.524599254131
307,0.0,0.309276342392,-0.725339472294
308,1.0,-0.269471585751,0.597073674202
309,0.0,0.123487070203,-0.436109781265
310,1.0,-0.125976115465,0.217647045851
311,0.0,0.244482547045,-0.553533017635
312,1.0,-0.0602940842509,0.206441283226
313,0.0,0.140855416656,-0.204871714115
314,1.0,-0.173211708665,0.339373260736
315,0.0,0.337654709816,-0.655242323875
316,1.0,-0.125087857246,0.240145474672
317,1.0,-0.0709920749068,0.276555240154
318,0.0,0.140490695834,-0.297839283943
319,0.0,0.30489808321,-0.752099096775
320,1.0,-0.142982512712,0.367488235235
321,0.0,0.226129472256,-0.580960810184
322,0.0,0.189209356904,-0.565737187862
323,1.0,-0.296192228794,0.673844814301
324,1.0,-0.0547323785722,0.150685459375
325,1.0,0.0592067539692,-0.194703549147
326,0.0,0.0559560880065,-0.134008198977
327,1.0,-0.191773936152,0.457684278488
328,0.0,0.141322717071,-0.327140003443
329,1.0,-0.145888343453,0.289944380522
330,0.0,0.430114686489,-0.890747129917
331,1.0,0.0121800825,-0.0423243865371
332,0.0,0.237824767828,-0.533402323723
333,0.0,0.126340523362,-0.320902138948
334,1.0,-0.147837996483,0.40207862854
335,0.0,0.0630362555385,-0.10022868216
336,1.0,0.00484697706997,0.0929070487618
337,0.0,0.31031820178,-0.798061013222
338,1.0,-0.131932228804,0.285501182079
339,1.0,-0.0595123171806,0.142295569181
340,1.0,-0.036037273705,0.134137362242
341,0.0,0.0997580289841,-0.0775520056486
342,1.0,-0.349281966686,0.686298966408
343,1.0,-0.00979478191584,-0.0393437594175
344,1.0,-0.169109910727,0.522971510887
345,1.0,-0.181997686625,0.519261837006
346,0.0,0.191420406103,-0.538321316242
347,1.0,-0.184241771698,0.361881971359
348,0.0,0.171492695808,-0.366764187813
349,0.0,0.131529539824,-0.225916534662
350,1.0,-0.219116359949,0.516035377979
351,1.0,-0.141645610332,0.347258359194
352,0.0,0.145263105631,-0.43101850152
353,0.0,0.236864358187,-0.60667860508
354,0.0,0.289404302835,-0.734788179398
355,0.0,0.325673639774,-0.823775827885
356,1.0,-0.0680713579059,0.0778588727117
357,1.0,-0.199055045843,0.500497817993
358,1.0,-0.17979067564,0.381265521049
359,0.0,0.366883188486,-0.814469516277
360,1.0,-0.198603004217,0.532472133636
361,1.0,-0.202822893858,0.549420714378
362,1.0,-0.215250894427,0.464425295591
363,1.0,-0.171690568328,0.524351298809
364,1.0,-0.283056885004,0.569524824619
365,0.0,0.316009253263,-0.863465070724
366,1.0,-0.327204585075,0.694384217262
367,0.0,0.229613244534,-0.441217780113
368,1.0,-0.053176458925,0.105645723641
369,0.0,0.390832185745,-0.823867201805
370,0.0,0.341771692038,-0.790757954121
371,1.0,-0.158835828304,0.355475723743
372,0.0,0.157780885696,-0.291898608208
373,1.0,-0.145091146231,0.435627669096
374,1.0,-0.100293964148,0.246426463127
375,0.0,0.084733068943,-0.206089705229
376,0.0,0.397306472063,-0.927738428116
377,1.0,-0.132129520178,0.320211201906
378,0.0,0.0359525866807,-0.188308387995
379,0.0,0.167950674891,-0.390775859356
380,1.0,-0.150247812271,0.327518999577
381,0.0,0.250462383032,-0.654672801495
382,1.0,-0.357332259417,0.666945278645
383,1.0,-0.155605942011,0.354186356068
384,0.0,0.125114142895,-0.21471837163
385,0.0,0.19394081831,-0.425286769867
386,0.0,0.425628870726,-0.925343155861
387,1.0,-0.279185593128,0.637491166592
388,1.0,-0.211690306664,0.492256432772
389,1.0,-0.257536649704,0.589205145836
390,0.0,0.216269016266,-0.558473289013
391,1.0,-0.182176932693,0.485504955053
392,0.0,0.254612982273,-0.548490583897
393,1.0,-0.185939267278,0.437987536192
394,0.0,0.104855149984,-0.301118850708
395,1.0,-0.169451475143,0.366616934538
396,1.0,-0.0329231470823,0.120463170111
397,0.0,0.3108920753,-0.813614547253
398,0.0,0.317100673914,-0.827366888523
399,0.0,0.150444433093,-0.229625046253
400,1.0,-0.166179150343,0.320668935776
401,1.0,-0.259103357792,0.640344202518
402,1.0,-0.261926233768,0.527842223644
403,1.0,-0.195807635784,0.489810973406
404,1.0,-0.0684305876493,0.19829005003
405,1.0,-0.295153826475,0.702456593513
406,1.0,-0.366655826569,0.698784887791
407,0.0,0.309605836868,-0.717056751251
408,0.0,0.246660917997,-0.579721748829
409,1.0,0.00622442178428,0.0623700171709
410,0.0,0.272263497114,-0.615734517574
411,0.0,0.0540929883718,-0.0551809817553
412,1.0,-0.0704482346773,0.238853216171
413,1.0,-0.266335904598,0.755589842796
414,1.0,0.0663119852543,0.0635632500052
415,1.0,-0.221867024899,0.538437128067
416,1.0,-0.159290462732,0.418668836355
417,0.0,0.178829461336,-0.379021316767
418,1.0,-0.138740539551,0.307419836521
419,0.0,0.297413229942,-0.769823849201
420,0.0,0.322683662176,-0.694201231003
421,0.0,0.100699201226,-0.237809658051
422,1.0,0.0568546280265,-0.00867788307369
423,1.0,-0.12006071955,0.201095998287
424,1.0,-0.102328881621,0.244778841734
425,0.0,0.113688334823,-0.300548613071
426,0.0,0.277701348066,-0.567081272602
427,1.0,-0.256822049618,0.654416263103
428,0.0,0.0959289669991,-0.292182683945
429,0.0,0.132571622729,-0.233912020922
430,0.0,0.318501412868,-0.78809094429
431,0.0,0.252865374088,-0.588764309883
432,0.0,0.34248355031,-0.682134866714
433,0.0,0.0917171984911,-0.174275189638
434,1.0,-0.232439592481,0.535083711147
435,1.0,-0.128838032484,0.377328634262
436,0.0,0.0779079124331,-0.256415486336
437,0.0,0.233176231384,-0.511730313301
438,1.0,-0.0935537517071,0.230990022421
439,0.0,0.0728696137667,-0.233793348074
440,0.0,0.304460853338,-0.815151572227
441,1.0,-0.219532698393,0.503809213638
442,0.0,0.194103837013,-0.317781955004
443,1.0,-0.346902906895,0.749843239784
444,1.0,-0.244709149003,0.570093810558
445,0.0,0.346405595541,-0.718131184578
446,0.0,0.269725710154,-0.76368534565
447,0.0,0.0694342926145,-0.167422115803
448,0.0,0.361592262983,-0.771492600441
449,0.0,0.151965364814,-0.335521370173
450,1.0,-0.136918917298,0.316483408213
451,0.0,0.188132762909,-0.270167171955
452,0.0,0.190714269876,-0.470298290253
453,0.0,0.189652219415,-0.424070030451
454,1.0,0.0137926079333,-0.0443514958024
455,0.0,0.0852152109146,-0.169061362743
456,1.0,-0.0938659161329,0.240102857351
457,0.0,0.277630656958,-0.574026703835
458,0.0,0.208872675896,-0.473015099764
459,0.0,0.18191896379,-0.369864672422
460,0.0,0.319272428751,-0.792307436466
461,0.0,0.372759014368,-1.00821018219
462,0.0,0.254144787788,-0.564686357975
463,1.0,-0.319579422474,0.680802166462
464,1.0,-0.121064446867,0.202236294746
465,0.0,0.354422539473,-0.765706300735
466,0.0,0.250552982092,-0.544237017632
467,0.0,0.328841745853,-0.698512554169
468,1.0,-0.205214321613,0.457807481289
469,0.0,0.156261906028,-0.19065412879
470,1.0,-0.313582926989,0.749081671238
471,1.0,0.0492636039853,-0.114438176155
472,1.0,-0.280377596617,0.651923418045
473,1.0,-0.215388789773,0.540421247482
474,1.0,-0.195630967617,0.430007517338
475,1.0,-0.22842861712,0.583310544491
476,0.0,0.0994661226869,-0.198015928268
477,1.0,-0.278200954199,0.676996588707
478,1.0,-0.178069770336,0.374151885509
479,0.0,0.404648661613,-0.932349383831
480,1.0,-0.0403664074838,0.147065728903
481,0.0,0.207091242075,-0.502018988132
482,1.0,-0.211483076215,0.491080135107
483,0.0,0.375827491283,-0.886171042919
484,0.0,0.175092175603,-0.346463054419
485,0.0,0.162326350808,-0.400649189949
486,1.0,-0.0959302857518,0.149718403816
487,0.0,0.162631005049,-0.317825824022
488,0.0,0.147188991308,-0.337861269712
489,1.0,-0.166352257133,0.38568982482
490,0.0,0.209863588214,-0.660452544689
491,1.0,-0.148455411196,0.297469228506
492,1.0,-0.146221473813,0.297519773245
493,1.0,-0.330456316471,0.685893893242
494,1.0,-0.151530012488,0.322146058083
495,0.0,0.162812337279,-0.352526068687
496,0.0,0.130359336734,-0.290424287319
497,1.0,-0.26736035943,0.557551801205
498,0.0,0.0978481024504,-0.24113792181
499,0.0,0.159361198545,-0.501089453697
500,0.0,0.224406942725,-0.489741444588
501,1.0,-0.158468320966,0.362881839275
502,1.0,-0.00644665211439,0.0913742408156
503,0.0,0.121845528483,-0.2042709589
504,0.0,0.311773955822,-0.658689498901
505,1.0,-0.246264323592,0.557477772236
506,0.0,0.354504048824,-0.72016787529
507,1.0,-0.289492696524,0.782733917236
508,0.0,0.110702857375,-0.336709976196
509,1.0,-0.0786200240254,0.142027139664
510,0.0,0.327655881643,-0.764853358269
511,0.0,0.326505899429,-0.854409396648
512,0.0,0.104604281485,-0.312534302473
513,0.0,0.121162340045,-0.329145073891
514,0.0,0.412810504436,-0.805321753025
515,0.0,0.166754573584,-0.395492047071
516,1.0,-0.269800573587,0.609634339809
517,1.0,0.0550606027246,-0.0787978246808
518,1.0,0.0591959357262,-0.16959837079
519,0.0,0.409913390875,-0.952587068081
520,0.0,0.17214769125,-0.349213480949
521,0.0,0.476741343737,-1.02417850494
522,0.0,0.249055355787,-0.69372689724
523,1.0,-0.168633550406,0.464664548635
524,1.0,-0.119304664433,0.274932295084
525,1.0,-0.0383853279054,0.121046178043
526,1.0,-0.183823913336,0.411293923855
527,1.0,-0.320114731789,0.718722701073
528,0.0,0.0543812587857,-0.0749240070581
529,1.0,-0.147164359689,0.383345752954
530,1.0,-0.191095128655,0.411631435156
531,0.0,0.09986243397,-0.186542123556
532,1.0,-0.239570125937,0.519531846046
533,1.0,-0.0670304968953,0.150463104248
534,1.0,-0.113208122551,0.229115784168
535,0.0,0.284787803888,-0.703412115574
536,0.0,0.365708500147,-0.832296431065
537,1.0,-0.248670995235,0.613408207893
538,1.0,-0.146886497736,0.260699033737
539,1.0,-0.105445317924,0.223095864058
540,0.0,0.346883505583,-0.661080420017
541,0.0,0.0587152913213,-0.118030078709
542,0.0,0.124576419592,-0.333957016468
543,0.0,0.077207967639,-0.0241143964231
544,1.0,-0.20162679255,0.484384149313
545,1.0,-0.287552297115,0.595754504204
546,0.0,0.138790175319,-0.337713450193
547,1.0,-0.0224865935743,-0.0903637260199
548,0.0,0.255497068167,-0.666492879391
549,0.0,0.171974077821,-0.494250625372
550,0.0,0.154423430562,-0.209528684616
551,1.0,-0.260581016541,0.584577679634
552,0.0,0.129151299596,-0.2272323668
553,0.0,0.340834468603,-0.78565210104
554,0.0,0.251367598772,-0.525369405746
555,1.0,0.182749405503,-0.356459856033
556,1.0,-0.102696739137,0.308466374874
557,0.0,0.261598110199,-0.671297132969
558,1.0,-0.0798846185207,0.212844491005
559,1.0,-0.0309283323586,0.0208787992597
560,1.0,-0.14081081748,0.338306128979
561,0.0,0.0812741965055,-0.251418501139
562,1.0,-0.0369738340378,0.115691401064
563,1.0,-0.104352168739,0.157708674669
564,0.0,0.329101353884,-0.884757936001
565,1.0,-0.193703889847,0.434769004583
566,1.0,-0.127977401018,0.300114125013
567,0.0,0.227830350399,-0.504811406136
568,1.0,-0.203522562981,0.570760190487
569,0.0,0.197817742825,-0.417744874954
570,1.0,-0.24020549655,0.548963606358
571,1.0,-0.101065643132,0.260688066483
572,1.0,-0.28470531106,0.597837686539
573,0.0,0.0473610535264,-0.108734019101
574,0.0,0.390324175358,-1.03585028648
575,1.0,-0.144525408745,0.309080332518
576,0.0,0.213823720813,-0.427091538906
577,1.0,-0.297972738743,0.688967168331
578,0.0,0.0710173100233,-0.104086056352
579,1.0,0.00406392849982,0.0431785956025
580,1.0,0.0128059349954,0.0202555768192
581,0.0,0.288415491581,-0.629605293274
582,1.0,-0.167729735374,0.389664083719
583,0.0,0.206928551197,-0.55439221859
584,0.0,0.138659119606,-0.319622635841
585,0.0,0.229591563344,-0.500122070312
586,0.0,0.339221656322,-0.760630726814
587,1.0,-0.148924663663,0.371741652489
588,1.0,-0.230011627078,0.515426814556
589,0.0,0.288958787918,-0.598319113255
590,0.0,0.140410363674,-0.334331840277
591,1.0,-0.134183451533,0.292722374201
592,0.0,0.0602235421538,-0.221500486135
593,1.0,0.0292689651251,-0.0550044588745
594,1.0,-0.162133917212,0.351616024971
595,0.0,0.0904852077365,-0.333443164825
596,0.0,0.151023983955,-0.235336303711
597,0.0,0.0659536570311,-0.137472048402
598,1.0,-0.126541107893,0.333545088768
599,0.0,0.196090891957,-0.319476604462
600,0.0,0.201355949044,-0.446132868528
601,0.0,0.307449698448,-0.586289405823
602,0.0,0.163646861911,-0.460038781166
603,1.0,-0.0680847167969,0.218274056911
604,1.0,-0.250374883413,0.58300858736
605,1.0,0.0468201935291,-0.0455673262477
606,1.0,-0.106583811343,0.238610804081
607,1.0,-0.0773819088936,0.209468483925
608,0.0,0.155550554395,-0.358557075262
609,1.0,-0.127488225698,0.359251201153
610,0.0,0.258529245853,-0.599216282368
611,1.0,-0.160123795271,0.443576902151
612,1.0,-0.0874311849475,0.244729667902
613,0.0,0.146101221442,-0.338391453028
614,1.0,-0.257815420628,0.609767317772
615,0.0,-0.00322207994759,0.129509985447
616,0.0,0.459421277046,-0.929888248444
617,0.0,0.184394463897,-0.399820923805
618,1.0,-0.292596817017,0.589277744293
619,0.0,0.152183040977,-0.231990426779
620,1.0,-0.181477159262,0.383362174034
621,0.0,0.227875933051,-0.554748773575
622,1.0,0.0717346891761,-0.051217995584
623,0.0,0.286619663239,-0.782613992691
624,1.0,-0.0573372393847,0.197472125292
625,1.0,-0.0465078875422,0.153106153011
626,1.0,0.00435352511704,0.109650202096
627,1.0,-0.143943548203,0.359401553869
628,0.0,0.103873312473,-0.160319969058
629,0.0,0.326318174601,-0.837682843208
630,1.0,-0.236915647984,0.615472614765
631,1.0,-0.198097378016,0.432987362146
632,1.0,-0.217855706811,0.505138456821
633,1.0,-0.319261431694,0.701533079147
634,0.0,0.160961598158,-0.331570059061
635,0.0,0.16248048842,-0.372887194157
636,1.0,-0.265745043755,0.56141680479
637,0.0,0.243397861719,-0.542088806629
638,0.0,0.06541595608,-0.12432231009
639,0.0,0.300861805677,-0.777222573757
640,1.0,-0.171773642302,0.464430063963
641,0.0,0.146820142865,-0.378040701151
642,0.0,0.135395005345,-0.20745614171
643,1.0,-0.0651406943798,0.246882915497
644,1.0,-0.217507451773,0.551835596561
645,1.0,-0.354969024658,0.747140645981
646,0.0,0.279832363129,-0.638592660427
647,0.0,0.328029423952,-0.754021942616
648,1.0,-0.139674410224,0.401765614748
649,0.0,0.391239464283,-0.837002396584
650,0.0,0.407902210951,-0.819981455803
651,0.0,0.316155403852,-0.821198701859
652,0.0,0.109250634909,-0.0998414903879
653,1.0,-0.21545919776,0.529465436935
654,1.0,-0.357331037521,0.632425248623
655,0.0,0.199276804924,-0.501829862595
656,1.0,-0.0182159375399,0.117645867169
657,0.0,0.26458671689,-0.499941259623
658,1.0,0.0270738005638,-0.0058210156858
659,1.0,-0.0997882336378,0.287047445774
660,0.0,0.28449806571,-0.732778906822
661,0.0,0.0534199252725,-0.0326256267726
662,1.0,-0.0920198187232,0.262326091528
663,0.0,0.170150026679,-0.334124982357
664,0.0,0.199962586164,-0.462350159883
665,1.0,-0.108622781932,0.268909901381
666,1.0,-0.242087140679,0.470329791307
667,0.0,0.147024318576,-0.337067365646
668,0.0,0.280969470739,-0.642539680004
669,1.0,-0.105108842254,0.31510001421
670,1.0,-0.0534054301679,0.192250490189
671,1.0,-0.110020712018,0.305023252964
672,1.0,-0.217406481504,0.577334046364
673,0.0,0.262506127357,-0.6157964468
674,0.0,0.134335353971,-0.29142037034
675,0.0,0.0980321466923,-0.311011970043
676,0.0,0.0188559107482,0.0228980332613
677,0.0,0.335443794727,-0.863293945789
678,1.0,-0.146701127291,0.374395906925
679,0.0,0.145617559552,-0.331850022078
680,1.0,-0.303614616394,0.787507414818
681,1.0,-0.281562030315,0.631679356098
682,0.0,0.0834391787648,-0.219119995832
683,1.0,0.031029984355,-0.107522986829
684,0.0,0.3759072721,-0.968314707279
685,0.0,0.343526512384,-0.637588083744
686,0.0,0.157127186656,-0.377734601498
687,0.0,0.347960889339,-0.833207786083
688,0.0,0.100177653134,-0.341837733984
689,1.0,-0.103403888643,0.290000557899
690,1.0,-0.211383327842,0.513781547546
691,1.0,-0.0540372505784,0.199364930391
692,0.0,0.195931270719,-0.510379731655
693,1.0,-0.0121169276536,0.0515546128154
694,1.0,-0.220328807831,0.554066419601
695,0.0,0.32745051384,-0.717819154263
696,0.0,0.110321670771,-0.145312041044
697,1.0,-0.0602775327861,0.20131444931
698,0.0,0.147942781448,-0.31706392765
699,0.0,0.176258519292,-0.446269899607
700,0.0,0.429640948772,-0.930391073227
701,0.0,0.136674851179,-0.322204083204
702,1.0,-0.141909331083,0.400640904903
703,1.0,-0.158242255449,0.324644267559
704,1.0,0.00181591324508,0.00721408426762
705,1.0,-0.191025361419,0.485808938742
706,0.0,0.341610431671,-0.627869725227
707,0.0,0.133192151785,-0.227209061384
708,0.0,0.365757465363,-0.858341813087
709,0.0,0.26621556282,-0.598667681217
710,1.0,-0.0353317782283,0.166184425354
711,1.0,-0.110087610781,0.23724141717
712,1.0,-0.0646760910749,0.199070215225
713,1.0,-0.150148078799,0.387694478035
714,1.0,-0.0937787145376,0.154644429684
715,0.0,0.30255651474,-0.72948551178
716,0.0,0.213919788599,-0.45386531949
717,0.0,0.353329241276,-0.812036752701
718,0.0,0.232993096113,-0.362712264061
719,0.0,0.294881105423,-0.797471165657
720,0.0,0.3565531075,-0.714046955109
721,0.0,0.347227066755,-0.804367482662
722,1.0,-0.126512959599,0.370823413134
723,0.0,0.0582055896521,-0.175790607929
724,1.0,-0.0256172902882,0.0950065329671
725,1.0,-0.0429004728794,0.0966925099492
726,0.0,0.22069683671,-0.483007282019
727,0.0,0.288790971041,-0.760843753815
728,1.0,-0.122015200555,0.271282345057
729,0.0,0.222459852695,-0.42808637023
730,1.0,-0.192636787891,0.281967967749
731,0.0,0.259985029697,-0.709236681461
732,0.0,0.197275742888,-0.461498439312
733,0.0,0.261441528797,-0.603803753853
734,1.0,-0.152104690671,0.459805190563
735,1.0,-0.262515664101,0.806455731392
736,1.0,-0.23274512589,0.490155726671
737,1.0,0.0322076343,0.0884086564183
738,0.0,0.196298956871,-0.352592378855
739,1.0,0.0877808183432,-0.153373345733
740,0.0,0.126137003303,-0.34528413415
741,1.0,-0.251804023981,0.61431568861
742,1.0,0.0359057150781,-0.00421172752976
743,1.0,-0.199427172542,0.436725646257
744,1.0,-0.292400896549,0.613180994987
745,0.0,0.240891724825,-0.682725608349
746,1.0,-0.0854614973068,0.28160995245
747,1.0,-0.243551239371,0.535980641842
748,0.0,0.0991472899914,-0.162724673748
749,0.0,0.312219381332,-0.69298261404
750,0.0,0.159119620919,-0.266489237547
751,0.0,0.0978763327003,-0.248757302761
752,0.0,0.324201881886,-0.637189865112
753,0.0,0.259967595339,-0.708497822285
754,0.0,0.171610921621,-0.236574858427
755,0.0,0.0842649117112,-0.383469104767
756,1.0,-0.137636274099,0.40059864521
757,1.0,-0.0535012632608,0.149014353752
758,1.0,-0.146978586912,0.314203590155
759,1.0,-0.260734915733,0.537998199463
760,0.0,0.0498127862811,-0.218644976616
761,1.0,0.00610508024693,-0.0441467277706
762,0.0,0.049620360136,-0.165258288383
763,0.0,0.275096476078,-0.577300846577
764,0.0,0.224866509438,-0.5254778862
765,1.0,-0.170680388808,0.377412468195
766,1.0,-0.108801886439,0.389566838741
767,0.0,0.327622562647,-0.823855936527
768,0.0,0.335976749659,-0.842922151089
769,1.0,-0.00167398527265,0.012249045074
770,0.0,0.447580456734,-1.02081084251
771,1.0,-0.0160289276391,0.0414104089141
772,0.0,0.284510761499,-0.695074498653
773,0.0,0.212175130844,-0.500423312187
774,0.0,0.18948584795,-0.49544274807
775,0.0,0.297761052847,-0.665443897247
776,1.0,-0.282485455275,0.749197840691
777,0.0,0.217465251684,-0.472159832716
778,1.0,-0.145833522081,0.380000919104
779,0.0,0.291552692652,-0.611987173557
780,0.0,0.272981762886,-0.739260494709
781,0.0,0.0511569008231,-0.136261701584
782,1.0,-0.19257286191,0.427032738924
783,1.0,-0.132507488132,0.313175171614
784,0.0,0.268862515688,-0.682793557644
785,1.0,-0.0696017667651,0.267555177212
786,1.0,-0.0497853122652,0.085908792913
787,0.0,0.265699535608,-0.592348754406
788,1.0,-0.256471276283,0.610161602497
789,0.0,0.15843077004,-0.234180986881
790,0.0,0.19933193922,-0.386743664742
791,0.0,0.209807604551,-0.490947127342
792,0.0,0.0700109377503,-0.0662549287081
793,1.0,-0.325108110905,0.769114255905
794,1.0,-0.236967638135,0.442743957043
795,1.0,-0.148789867759,0.343689650297
796,0.0,0.09105155617,-0.242278277874
797,0.0,0.319043874741,-0.698890507221
798,0.0,0.0645255967975,-0.155725568533
799,0.0,0.199154809117,-0.401051014662
800,0.0,0.237335175276,-0.568446576595
801,0.0,0.157730311155,-0.225185185671
802,0.0,0.15329234302,-0.218312621117
803,0.0,0.183641806245,-0.32121822238
804,1.0,-0.278462857008,0.57005751133
805,0.0,0.218333214521,-0.51069355011
806,1.0,-0.1891079247,0.39645037055
807,1.0,0.0585081353784,-0.17382273078
808,1.0,-0.0773504972458,0.220678925514
809,0.0,0.0634146332741,-0.15710696578
810,0.0,0.15775167942,-0.302602499723
811,0.0,0.0805321186781,-0.18642270565
812,0.0,0.213217735291,-0.504803419113
813,0.0,0.093652009964,-0.431880682707
814,0.0,0.118177995086,-0.215835303068
815,0.0,0.0735564008355,-0.162076413631
816,1.0,0.0412058494985,-0.202206343412
817,1.0,-0.0220008883625,0.00518077611923
818,0.0,0.104857511818,-0.197966963053
819,1.0,-0.0246486756951,0.105588413775
820,1.0,-0.0802456438541,0.296303480864
821,1.0,-0.199228361249,0.43826380372
822,1.0,-0.273887097836,0.782754480839
823,0.0,0.348796546459,-0.819499373436
824,0.0,0.412191063166,-0.917181074619
825,1.0,-0.0566691234708,0.0793451145291
826,1.0,-0.114331163466,0.283095389605
827,0.0,0.122917383909,-0.287641882896
828,1.0,-0.125200599432,0.209057748318
829,1.0,-0.0913922339678,0.272043853998
830,1.0,-0.109547935426,0.28471365571
831,0.0,0.0801990777254,-0.183424502611
832,0.0,0.129966244102,-0.268405646086
833,1.0,-0.29555144906,0.546035349369
834,0.0,0.325999200344,-0.722947001457
835,1.0,-0.216748848557,0.439584285021
836,0.0,0.380949020386,-1.06920957565
837,1.0,-0.323874384165,0.679120182991
838,1.0,-0.294662356377,0.588631272316
839,1.0,-0.0165834892541,-0.00326236709952
840,1.0,-0.280500590801,0.667484939098
841,0.0,0.0297603607178,-0.0689700692892
842,0.0,0.287925064564,-0.584414958954
843,0.0,0.330884665251,-0.860693752766
844,1.0,-0.204289495945,0.469172745943
845,1.0,-0.0543753542006,0.168041646481
846,1.0,-0.0268624592572,-0.0144370291382
847,0.0,0.278436481953,-0.556061208248
848,1.0,-0.166363224387,0.360242962837
849,0.0,0.189204335213,-0.227628856897
850,1.0,-0.119659483433,0.276932418346
851,1.0,-0.151779517531,0.381091445684
852,1.0,-0.140583693981,0.405077308416
853,0.0,0.15871655941,-0.295296818018
854,1.0,-0.115375742316,0.237644135952
855,1.0,-0.0467476919293,0.199528634548
856,1.0,-0.226308986545,0.459084391594
857,1.0,-0.259723603725,0.612876832485
858,0.0,0.271245509386,-0.614657461643
859,0.0,0.239329904318,-0.454010009766
860,0.0,0.408049046993,-0.840879738331
861,1.0,-0.047580294311,0.126485168934
862,1.0,-0.309680819511,0.637576520443
863,0.0,0.290986597538,-0.624422311783
864,1.0,-0.245991781354,0.713488399982
865,1.0,-0.175705268979,0.433939725161
866,0.0,0.152929663658,-0.395185768604
867,1.0,-0.224960550666,0.54013979435
868,0.0,0.298136949539,-0.687271475792
869,0.0,0.173653960228,-0.500283956528
870,1.0,-0.25745344162,0.608175158501
871,1.0,-0.170841827989,0.394266605377
872,1.0,0.0175135284662,0.00851257890463
873,1.0,-0.272026926279,0.553215742111
874,1.0,-0.212264984846,0.434291273355
875,0.0,0.168397113681,-0.354195952415
876,0.0,0.200002625585,-0.456183999777
877,0.0,0.312739431858,-0.61395919323
878,0.0,0.206684842706,-0.318721741438
879,0.0,0.175099119544,-0.522679567337
880,0.0,0.159198865294,-0.41213580966
881,1.0,-0.205672085285,0.39175349474
882,1.0,-0.0899165272713,0.104985170066
883,0.0,0.0981615483761,-0.20019942522
884,1.0,-0.165583923459,0.320292502642
885,0.0,0.229934409261,-0.510005831718
886,0.0,0.157538086176,-0.298354506493
887,0.0,0.0692192912102,-0.0922067984939
888,1.0,-0.0645700246096,0.0891933366656
889,1.0,-0.0379798449576,0.0326863080263
890,1.0,-0.139385312796,0.305479168892
891,0.0,0.344068437815,-0.797938227654
892,0.0,0.333358764648,-0.830890595913
893,1.0,-0.271894931793,0.518195748329
894,1.0,-0.229537665844,0.565506279469
895,1.0,-0.28263437748,0.697561442852
896,0.0,0.0443866997957,-0.169164866209
897,0.0,0.341771990061,-0.833943128586
898,0.0,0.152820438147,-0.331461250782
899,0.0,0.341507136822,-0.750380396843
900,0.0,0.223939150572,-0.507428407669
901,0.0,0.321995675564,-0.758916318417
902,0.0,0.13044500351,-0.286354213953
903,1.0,-0.135255873203,0.332130879164
904,0.0,0.216742366552,-0.510457277298
905,0.0,0.384420126677,-0.874265134335
906,1.0,-0.199048906565,0.42700996995
907,1.0,-0.167553395033,0.388752579689
908,1.0,-0.277253448963,0.631628811359
909,0.0,0.276450335979,-0.665651321411
910,1.0,-0.271741330624,0.585996568203
911,1.0,-0.232046440244,0.517551183701
912,1.0,0.00455815903842,0.124226562679
913,1.0,-0.109604999423,0.241401672363
914,0.0,0.166600704193,-0.394326478243
915,0.0,0.179373800755,-0.347258776426
916,0.0,0.338771343231,-0.787600159645
917,1.0,-0.280975073576,0.722469091415
918,0.0,0.270191520452,-0.589536130428
919,1.0,-0.128859370947,0.294880896807
920,1.0,-0.0730152204633,0.156714886427
921,0.0,0.0190469846129,-0.118880867958
922,0.0,0.28939422965,-0.70999443531
923,1.0,-0.244048237801,0.569483757019
924,0.0,0.144632101059,-0.391874521971
925,1.0,-0.0401958376169,0.114518411458
926,0.0,0.173399046063,-0.310171812773
927,1.0,-0.230261877179,0.425411760807
928,1.0,-0.0962442979217,0.341477066278
929,0.0,0.0817468762398,-0.116686649621
930,1.0,-0.274668037891,0.689924716949
931,0.0,0.316629111767,-0.571863770485
932,0.0,0.137618795037,-0.31949070096
933,0.0,0.271691411734,-0.613622665405
934,1.0,-0.234023824334,0.531130850315
935,1.0,0.0701095685363,-0.139081537724
936,0.0,0.240384817123,-0.489541977644
937,0.0,0.168185561895,-0.352398961782
938,1.0,-0.20250891149,0.403941899538
939,1.0,-0.23481015861,0.541589260101
940,0.0,0.383688867092,-1.10638678074
941,0.0,0.215264260769,-0.444318681955
942,0.0,0.329936265945,-0.751673400402
943,0.0,0.0882492214441,-0.227930158377
944,0.0,0.325052469969,-0.809055626392
945,1.0,-0.0622564032674,0.141200274229
946,0.0,0.189900025725,-0.366283029318
947,1.0,-0.247177347541,0.469338089228
948,0.0,0.285769701004,-0.598037719727
949,0.0,0.122067078948,-0.240087002516
950,1.0,-0.229468673468,0.453708916903
951,0.0,0.239862561226,-0.498802244663
952,1.0,-0.246341854334,0.451575160027
953,1.0,-0.158191248775,0.352931320667
954,1.0,-0.164851769805,0.261236697435
955,1.0,-0.102947078645,0.290580898523
956,1.0,-0.0572175532579,0.264932870865
957,1.0,-0.0417664051056,0.063601501286
958,0.0,0.150380477309,-0.36380136013
959,0.0,0.274195045233,-0.477266162634
960,1.0,-0.192769214511,0.469518095255
961,0.0,0.137249961495,-0.31358653307
962,0.0,0.139167457819,-0.302722364664
963,1.0,-0.0466841682792,0.146170377731
964,1.0,0.0424662716687,0.0233056396246
965,1.0,-0.245609939098,0.553057909012
966,1.0,-0.0880869925022,0.251116484404
967,1.0,-0.172417342663,0.313575148582
968,0.0,0.0411519706249,-0.102868542075
969,0.0,0.182378426194,-0.304060906172
970,1.0,-0.275437116623,0.555464148521
971,0.0,0.223679840565,-0.518930196762
972,1.0,-0.231467574835,0.495778769255
973,0.0,0.169308826327,-0.375354409218
974,1.0,-0.216861203313,0.542423248291
975,1.0,-0.073627114296,0.189363658428
976,0.0,0.313732802868,-0.721737027168
977,1.0,-0.180323764682,0.442727923393
978,1.0,0.128820732236,-0.283782273531
979,0.0,0.227499306202,-0.500107169151
980,1.0,-0.260837554932,0.562026500702
981,1.0,-0.326940715313,0.63935738802
982,1.0,-0.290606230497,0.677956223488
983,1.0,-0.0261121839285,0.0542268678546
984,0.0,0.115438297391,-0.267301738262
985,0.0,0.264265775681,-0.717739701271
986,1.0,-0.0313915014267,0.160224735737
987,1.0,-0.0873365998268,0.276704460382
988,1.0,-0.0917085930705,0.220624506474
989,0.0,0.373185515404,-0.882749319077
990,0.0,0.0824879929423,-0.153706401587
991,0.0,0.414606750011,-0.870468139648
992,0.0,0.207461357117,-0.520713746548
993,1.0,-0.198878511786,0.439512550831
994,0.0,0.327479690313,-0.897830367088
995,1.0,-0.188163071871,0.440416455269
996,1.0,-0.233223050833,0.583930671215
997,1.0,-0.189632713795,0.526609182358
998,1.0,-0.0483179688454,0.110022760928
999,1.0,-0.0806380212307,0.132670193911
1000,1.0,-0.0179957076907,0.0918446853757
1001,0.0,0.243039011955,-0.52296257019
1002,0.0,0.181006506085,-0.4476788342
1003,1.0,-0.180818200111,0.519777774811
1004,1.0,-0.250233143568,0.524883806705
1005,1.0,-0.145318388939,0.363861441612
1006,0.0,0.315274596214,-0.748548924923
1007,1.0,-0.146550640464,0.320848435163
1008,1.0,0.080002464354,-0.231982707977
1009,1.0,-0.203989669681,0.457712501287
1010,1.0,-0.209306448698,0.44634193182
1011,0.0,0.357916474342,-0.931036412716
1012,0.0,0.289265304804,-0.728092610836
1013,1.0,-0.119043089449,0.317444175482
1014,0.0,0.172104030848,-0.401784360409
1015,0.0,0.248683810234,-0.524838864803
1016,0.0,0.230310112238,-0.507888734341
1017,0.0,0.371668100357,-0.824085891247
1018,1.0,-0.161095649004,0.33380690217
1019,0.0,0.123758211732,-0.278530210257
1020,1.0,0.100220307708,-0.198061436415
1021,0.0,0.25290325284,-0.49168035388
1022,0.0,0.105134487152,-0.267244815826
1023,1.0,-0.202535048127,0.556073844433
1024,0.0,0.183945730329,-0.396398812532
1025,1.0,-0.158885702491,0.299802184105
1026,0.0,0.281498491764,-0.675569057465
1027,0.0,0.248259186745,-0.47295820713
1028,1.0,-0.256954759359,0.582724630833
1029,1.0,-0.13696616888,0.389583200216
1030,1.0,-0.0687990486622,0.252900213003
1031,1.0,-0.17154596746,0.400632977486
1032,0.0,0.273368597031,-0.667168140411
1033,1.0,-0.150715589523,0.422193497419
1034,1.0,-0.0680589526892,0.242606341839
1035,0.0,0.246586054564,-0.649456560612
1036,0.0,0.0950115844607,-0.221607744694
1037,1.0,-0.15560901165,0.355713307858
1038,0.0,0.266106814146,-0.601337432861
1039,0.0,0.382326066494,-0.822351694107
1040,0.0,0.0675494745374,-0.168268412352
1041,0.0,0.141487449408,-0.234252631664
1042,0.0,0.257219403982,-0.505701482296
1043,1.0,-0.239058181643,0.478459984064
1044,1.0,0.0693333745003,-0.152223750949
1045,1.0,-0.0463419705629,0.0917428955436
1046,0.0,0.164693191648,-0.478135049343
1047,1.0,-0.206134974957,0.473627179861
1048,0.0,0.363138526678,-0.80040961504
1049,1.0,-0.254232287407,0.57691937685
1050,0.0,0.161541476846,-0.423225522041
1051,0.0,0.0833207070827,-0.249723136425
1052,0.0,0.121579378843,-0.251367866993
1053,0.0,0.151802390814,-0.304306924343
1054,1.0,-0.285455733538,0.549534499645
1055,1.0,0.0632070973516,-0.195066779852
1056,0.0,0.371590167284,-0.884483575821
1057,0.0,0.338227123022,-0.74688154459
1058,1.0,-0.218560755253,0.493441730738
1059,0.0,0.297336310148,-0.683528959751
1060,1.0,-0.21022644639,0.601431787014
1061,0.0,0.35616350174,-0.805092275143
1062,0.0,0.156832709908,-0.352294683456
1063,0.0,0.403990149498,-0.910219371319
1064,1.0,-0.269352942705,0.599457740784
1065,1.0,-0.147605136037,0.36854839325
1066,1.0,-0.088074311614,0.0908644869924
1067,1.0,-0.0352307669818,0.0680137276649
1068,0.0,0.300419867039,-0.732924222946
1069,0.0,0.0989657789469,-0.211319386959
1070,1.0,-0.240484625101,0.461330741644
1071,1.0,-0.24904038012,0.596524357796
1072,1.0,-0.0967112109065,0.249144345522
1073,1.0,-0.0299790352583,0.129167705774
1074,1.0,-0.301377624273,0.673296391964
1075,0.0,0.172593444586,-0.415005505085
1076,1.0,-0.151387855411,0.380465626717
1077,1.0,-0.0758688300848,0.187779545784
1078,0.0,0.407875210047,-0.835572361946
1079,0.0,0.159954056144,-0.356542438269
1080,1.0,-0.19035962224,0.484525233507
1081,0.0,0.17783498764,-0.453504502773
1082,1.0,-0.098689109087,0.330966591835
1083,0.0,0.151677966118,-0.316384792328
1084,1.0,-0.262870252132,0.670784294605
1085,1.0,-0.278759092093,0.702678143978
1086,0.0,0.315558314323,-0.759372830391
1087,0.0,0.409769654274,-0.899343550205
1088,0.0,0.202034026384,-0.487194180489
1089,0.0,0.352794259787,-0.81395983696
1090,0.0,0.18696667254,-0.409545332193
1091,1.0,-0.111821383238,0.336712419987
1092,0.0,0.168721213937,-0.322670519352
1093,1.0,-0.0408125445247,0.0197689048946
1094,0.0,0.245082974434,-0.560881853104
1095,0.0,0.360189646482,-0.815151751041
1096,0.0,0.319982975721,-0.829053461552
1097,1.0,-0.239793241024,0.548307836056
1098,1.0,-0.299517840147,0.720585525036
1099,1.0,-0.0566937625408,0.215468883514
1100,1.0,-0.0536896511912,0.132326155901
1101,1.0,-0.239380285144,0.518317461014
1102,0.0,0.20484778285,-0.419715672731
1103,1.0,-0.158659994602,0.375607669353
1104,1.0,-0.348080515862,0.771539628506
1105,0.0,0.324731469154,-0.836307525635
1106,0.0,0.0224923230708,-0.0489433333278
1107,0.0,0.321332395077,-0.663272798061
1108,0.0,0.143414273858,-0.391126394272
1109,0.0,0.338984251022,-0.662090778351
1110,0.0,0.237500101328,-0.66394585371
1111,0.0,0.224306836724,-0.575379192829
1112,0.0,0.310911417007,-0.700699865818
1113,0.0,0.126807153225,-0.240878492594
1114,1.0,-0.294978737831,0.733338356018
1115,1.0,-0.166628301144,0.35369938612
1116,0.0,0.164951235056,-0.343466669321
1117,0.0,0.288815170527,-0.684238314629
1118,1.0,-0.292378306389,0.633753180504
1119,0.0,0.219529435039,-0.601153790951
1120,0.0,0.183325588703,-0.61389195919
1121,0.0,0.363996833563,-0.854810595512
1122,1.0,-0.0581021346152,0.0982276722789
1123,1.0,0.014980789274,-0.190638303757
1124,1.0,-0.0321903899312,0.0924416258931
1125,1.0,-0.0405631922185,0.0196339935064
1126,1.0,-0.253428906202,0.630025446415
1127,0.0,0.0985734090209,-0.0965781360865
1128,0.0,0.336528509855,-0.783125698566
1129,0.0,0.0253566727042,0.0299720466137
1130,1.0,-0.26400655508,0.708896100521
1131,1.0,0.0271723344922,-0.0287409573793
1132,0.0,0.119839578867,-0.313063025475
1133,0.0,0.310083478689,-0.742224931717
1134,0.0,0.117867156863,-0.230319082737
1135,0.0,0.15342502296,-0.27073520422
1136,1.0,-0.0686567425728,0.238235473633
1137,1.0,-0.183247879148,0.462548166513
1138,1.0,0.0251130945981,-0.0795685201883
1139,1.0,-0.0954053848982,0.22019559145
1140,1.0,-0.248408675194,0.643368184566
1141,0.0,0.393139660358,-0.850576579571
1142,1.0,-0.0343446210027,0.126165449619
1143,0.0,0.444877058268,-0.980008602142
1144,0.0,0.0834749341011,-0.177427262068
1145,0.0,0.182229578495,-0.452758461237
1146,1.0,-0.0598164685071,0.182120114565
1147,0.0,0.193162798882,-0.537927091122
1148,1.0,-0.230489388108,0.37913864851
1149,1.0,-0.297053039074,0.631761193275
1150,1.0,-0.204280436039,0.456265449524
1151,0.0,0.275026023388,-0.651332736015
1152,1.0,0.0077193826437,0.0241483896971
1153,0.0,0.113060519099,-0.305815428495
1154,1.0,-0.207076236606,0.479736715555
1155,0.0,0.125314027071,-0.306626200676
1156,1.0,-0.292650908232,0.809663116932
1157,1.0,-0.254025638103,0.616523683071
1158,0.0,0.18399053812,-0.523894906044
1159,1.0,-0.0553321056068,0.173316001892
1160,0.0,0.292781978846,-0.721141815186
1161,0.0,0.323952108622,-0.700480997562
1162,0.0,0.328895777464,-0.814205765724
1163,1.0,-0.151327833533,0.28506064415
1164,0.0,0.161105468869,-0.271780192852
1165,1.0,-0.259751498699,0.693046689034
1166,0.0,0.225934535265,-0.565487086773
1167,1.0,-0.280890524387,0.626647174358
1168,1.0,-0.125086277723,0.2646920681
1169,1.0,-0.22707298398,0.521370530128
1170,0.0,0.306079179049,-0.670325875282
1171,1.0,-0.266209304333,0.692103981972
1172,0.0,0.189381673932,-0.414653509855
1173,1.0,-0.15658056736,0.375487297773
1174,0.0,0.106323629618,-0.20677754283
1175,1.0,-0.0963132679462,0.296351581812
1176,0.0,0.372781962156,-0.895254671574
1177,0.0,0.197291195393,-0.372822463512
1178,0.0,0.270822674036,-0.671969652176
1179,1.0,-0.259708464146,0.631180107594
1180,0.0,0.18650457263,-0.493418604136
1181,0.0,0.185849905014,-0.376579076052
1182,1.0,-0.0629871189594,0.225097358227
1183,1.0,-0.250393152237,0.50895178318
1184,1.0,-0.183408424258,0.39987501502
1185,1.0,-0.273694336414,0.711049616337
1186,1.0,-0.250618904829,0.688514530659
1187,1.0,-0.0238902457058,0.136120319366
1188,1.0,-0.172109544277,0.472220271826
1189,1.0,-0.0187075827271,0.185220628977
1190,0.0,0.0266308709979,-0.131076604128
1191,0.0,0.198146238923,-0.303388416767
1192,0.0,0.149605631828,-0.299592107534
1193,1.0,-0.116522744298,0.350935041904
1194,1.0,-0.138967677951,0.39615380764
1195,1.0,-0.132584869862,0.352401643991
1196,1.0,0.0675361156464,-0.0466592311859
1197,0.0,0.197446584702,-0.418256491423
1198,1.0,-0.25288271904,0.671554148197
1199,1.0,-0.25921741128,0.65878111124
1200,0.0,0.271160691977,-0.72377628088
1201,0.0,0.00132199004292,0.00189156085253
1202,1.0,-0.165909454226,0.367100954056
1203,0.0,0.0978764370084,-0.248505473137
1204,1.0,-0.0567481182516,0.0943291261792
1205,1.0,-0.15447551012,0.387959837914
1206,0.0,0.0424136668444,-0.053743802011
1207,0.0,0.163524344563,-0.333859324455
1208,0.0,0.266319721937,-0.720533490181
1209,1.0,-0.0867566689849,0.187070995569
1210,1.0,-0.0231293532997,0.0157607607543
1211,0.0,0.257602214813,-0.481799870729
1212,0.0,0.307817399502,-0.584335565567
1213,1.0,-0.208655700088,0.44037643075
1214,1.0,-0.351327031851,0.776987373829
1215,0.0,0.130427956581,-0.192466765642
1216,0.0,0.0718691647053,-0.245076984167
1217,0.0,0.0636612027884,-0.121472358704
1218,0.0,0.12900519371,-0.299900501966
1219,1.0,-0.288965314627,0.641085982323
1220,1.0,-0.318081796169,0.710298836231
1221,0.0,0.159835085273,-0.334086328745
1222,0.0,0.320191949606,-0.793305575848
1223,0.0,0.307153373957,-0.805388450623
1224,0.0,0.297102928162,-0.687044680119
1225,0.0,0.342425763607,-0.785076141357
1226,1.0,0.00911592133343,-0.00705763325095
1227,1.0,-0.219249680638,0.509606420994
1228,0.0,0.105934038758,-0.217326641083
1229,0.0,0.32840642333,-0.886747658253
1230,1.0,-0.164469182491,0.436839282513
1231,0.0,0.236207127571,-0.645865440369
1232,1.0,0.0352183245122,-0.0207381267101
1233,1.0,-0.203543826938,0.509194552898
1234,0.0,0.283143609762,-0.652727723122
1235,1.0,-0.321197479963,0.78372824192
1236,0.0,0.143007233739,-0.459325820208
1237,1.0,-0.0872634872794,0.222456127405
1238,0.0,0.0779394432902,-0.185415029526
1239,1.0,-0.255694627762,0.586743831635
1240,0.0,0.201938956976,-0.426888763905
1241,0.0,0.230404406786,-0.651982784271
1242,0.0,0.142289981246,-0.213013023138
1243,0.0,0.0970198661089,-0.200658023357
1244,1.0,-0.286301404238,0.715688049793
1245,1.0,-0.135716974735,0.365029066801
1246,1.0,0.100766763091,-0.198831021786
1247,1.0,-0.216957569122,0.493599385023
1248,1.0,-0.222327589989,0.514772176743
1249,0.0,0.26173210144,-0.527402460575
1250,0.0,0.230852454901,-0.486465722322
1251,1.0,-0.117255724967,0.243944585323
1252,0.0,0.105797737837,-0.285014569759
1253,1.0,-0.0725632682443,0.139949172735
1254,0.0,0.051715940237,-0.0856553763151
1255,0.0,0.0584638565779,-0.148199826479
1256,1.0,-0.144037038088,0.377911567688
1257,1.0,-0.210924491286,0.494725078344
1258,0.0,0.17753058672,-0.303450375795
1259,0.0,0.270678460598,-0.535996079445
1260,1.0,-0.292443692684,0.745694696903
1261,0.0,0.217549562454,-0.577499747276
1262,1.0,-0.279663920403,0.584002017975
1263,0.0,0.111850678921,-0.243289142847
1264,1.0,-0.163091018796,0.439773380756
1265,1.0,-0.0684226229787,0.216237932444
1266,1.0,-0.273684978485,0.750112056732
1267,1.0,-0.146254301071,0.315411448479
1268,0.0,0.209877341986,-0.461767822504
1269,1.0,-0.312562018633,0.756379067898
1270,1.0,0.0316421352327,-0.0263886582106
1271,0.0,0.175145298243,-0.321741640568
1272,1.0,-0.250584334135,0.679420828819
1273,1.0,-0.0669366717339,0.230549961329
1274,0.0,0.0749538466334,-0.236167877913
1275,0.0,0.189086183906,-0.452661544085
1276,0.0,0.0787773132324,-0.230079680681
1277,1.0,-0.102082826197,0.16789111495
1278,0.0,0.118750184774,-0.273145973682
1279,0.0,0.139077633619,-0.32531324029
1280,1.0,-0.154569089413,0.365164339542
1281,1.0,-0.286031424999,0.720786452293
1282,1.0,-0.25510558486,0.437920242548
1283,0.0,0.117419287562,-0.364690214396
1284,1.0,-0.210527896881,0.499046593904
1285,0.0,0.310894310474,-0.783904612064
1286,0.0,0.101140782237,-0.281148612499
1287,0.0,0.122710809112,-0.146410822868
1288,1.0,-0.0971396565437,0.215513914824
1289,1.0,-0.0524873100221,0.148221045732
1290,0.0,0.16117733717,-0.342477589846
1291,0.0,0.360570997,-0.734897434711
1292,1.0,-0.101987831295,0.276609808207
1293,0.0,0.350400358438,-0.84999781847
1294,1.0,-0.306732714176,0.728984296322
1295,1.0,-0.229859143496,0.595218658447
1296,0.0,0.136483564973,-0.272011518478
1297,0.0,0.143096610904,-0.414831370115
1298,0.0,0.225277513266,-0.485867708921
1299,0.0,0.194909065962,-0.457689613104
1300,0.0,0.241892814636,-0.673177242279
1301,0.0,0.125204265118,-0.277378678322
1302,0.0,0.378222793341,-0.899701595306
1303,0.0,0.189075246453,-0.392795920372
1304,1.0,-0.223786860704,0.499737769365
1305,0.0,0.103793911636,-0.237431883812
1306,1.0,-0.272966861725,0.545209228992
1307,0.0,0.217672377825,-0.386979311705
1308,0.0,0.22790120542,-0.567445397377
1309,0.0,0.19128075242,-0.424252569675
1310,1.0,-0.148844078183,0.280630022287
1311,0.0,0.217101529241,-0.509203672409
1312,1.0,-0.244205221534,0.602192342281
1313,1.0,-0.160855144262,0.344914823771
1314,0.0,0.0724409520626,-0.143414899707
1315,1.0,-0.274682283401,0.653732597828
1316,0.0,0.0378926247358,-0.170127600431
1317,1.0,-0.0167884752154,0.151826322079
1318,1.0,-0.163441807032,0.383407741785
1319,0.0,0.355614989996,-0.928598761559
1320,0.0,0.156364172697,-0.340167850256
1321,1.0,0.0348009131849,-0.027863457799
1322,0.0,0.364083975554,-0.757393360138
1323,0.0,0.169000938535,-0.464201569557
1324,0.0,0.238115847111,-0.537976384163
1325,0.0,0.300671696663,-0.655864655972
1326,0.0,0.382944911718,-0.923256695271
1327,0.0,0.224033147097,-0.353897213936
1328,0.0,0.15707834065,-0.422403723001
1329,1.0,-0.0201521869749,0.155856221914
1330,0.0,0.262760221958,-0.579460322857
1331,1.0,-0.101931653917,0.246755391359
1332,1.0,-0.22088176012,0.615809619427
1333,0.0,0.304488867521,-0.611612975597
1334,1.0,-0.146936893463,0.425491005182
1335,1.0,-0.0351774767041,0.133428245783
1336,1.0,-0.162496209145,0.359601378441
1337,0.0,0.262320250273,-0.664517581463
1338,0.0,0.247216373682,-0.460007816553
1339,0.0,0.0979690030217,-0.275204986334
1340,0.0,0.106045305729,-0.0553508475423
1341,1.0,-0.19770476222,0.444011449814
1342,0.0,0.228090986609,-0.552317142487
1343,0.0,0.232749253511,-0.512021005154
1344,0.0,0.236121535301,-0.427020430565
1345,1.0,-0.275509119034,0.641462206841
1346,1.0,-0.150460004807,0.33669513464
1347,1.0,-0.188508287072,0.489163964987
1348,0.0,0.111050128937,-0.228519439697
1349,0.0,0.376386731863,-0.793663024902
1350,0.0,0.35315734148,-0.84581631422
1351,0.0,0.293013513088,-0.719209194183
1352,1.0,-0.0799096375704,0.17244681716
1353,1.0,-0.00709947571158,0.00745854154229
1354,1.0,0.02723300457,-0.0577023401856
1355,0.0,0.160315036774,-0.3363045156
1356,1.0,-0.297420144081,0.666223526001
1357,0.0,0.040551636368,-0.122556366026
1358,0.0,0.267606526613,-0.59271812439
1359,1.0,-0.128426998854,0.401418954134
1360,1.0,-0.151975050569,0.318830907345
1361,1.0,-0.0719261914492,0.24840927124
1362,1.0,0.00130835734308,-0.0457127615809
1363,0.0,0.204427391291,-0.380690574646
1364,0.0,0.284460544586,-0.579843759537
1365,1.0,-0.260056972504,0.545501887798
1366,0.0,0.19659870863,-0.526144146919
1367,0.0,0.144698634744,-0.288100868464
1368,1.0,-0.238919183612,0.551453769207
1369,1.0,-0.229359790683,0.594801783562
1370,1.0,-0.258568376303,0.610892593861
1371,1.0,-0.29537037015,0.666436851025
1372,1.0,-0.213461205363,0.520503938198
1373,0.0,0.0536487698555,-0.125295251608
1374,1.0,0.0460469573736,-0.155950725079
1375,0.0,0.180226683617,-0.406385034323
1376,1.0,0.00411175377667,0.0587396323681
1377,1.0,-0.289990931749,0.616091489792
1378,1.0,-0.0934860259295,0.175429672003
1379,1.0,0.0068782530725,-0.0829347521067
1380,1.0,-0.164153710008,0.439769208431
1381,1.0,-0.253747612238,0.523959100246
1382,0.0,0.202507928014,-0.468093603849
1383,1.0,-0.154588475823,0.296268284321
1384,0.0,0.358059287071,-0.787876784801
1385,0.0,0.268590509892,-0.592207849026
1386,1.0,-0.313402175903,0.708137154579
1387,0.0,0.230412364006,-0.370303034782
1388,1.0,-0.140463352203,0.347251266241
1389,0.0,0.279571205378,-0.518256366253
1390,0.0,0.0701875165105,-0.220812141895
1391,0.0,0.262000709772,-0.569695115089
1392,0.0,0.345278859138,-0.789440095425
1393,1.0,-0.250689327717,0.611238956451
1394,0.0,0.0489964410663,-0.145161762834
1395,1.0,-0.217449232936,0.4610940516
1396,1.0,-0.152477070689,0.34898635745
1397,0.0,0.369122266769,-0.779181599617
1398,1.0,-0.247613996267,0.651379466057
1399,0.0,0.36574447155,-0.840544998646
1400,1.0,-0.199951097369,0.486631900072
1401,0.0,0.18536503613,-0.448798984289
1402,1.0,-0.137330204248,0.280790090561
1403,1.0,-0.214924156666,0.576396167278
1404,1.0,-0.151388987899,0.381897807121
1405,1.0,-0.0862700641155,0.311768740416
1406,0.0,0.11114667356,-0.201567798853
1407,0.0,0.418365508318,-0.981412112713
1408,1.0,-0.313566416502,0.673551261425
1409,1.0,-0.130789428949,0.295736044645
1410,0.0,0.300871729851,-0.6638854146
1411,1.0,-0.325128436089,0.731346905231
1412,0.0,0.252200186253,-0.49268129468
1413,0.0,0.182945609093,-0.470473110676
1414,1.0,-0.0829930901527,0.243869900703
1415,1.0,-0.143931269646,0.164512634277
1416,1.0,-0.313214659691,0.775491297245
1417,0.0,0.431777179241,-0.981670260429
1418,0.0,0.123051181436,-0.321345329285
1419,0.0,0.0927614569664,-0.158693149686
1420,1.0,-0.230936914682,0.560002446175
1421,1.0,-0.213748306036,0.438111305237
1422,0.0,0.096297942102,-0.38262668252
1423,0.0,0.287048727274,-0.70142352581
1424,1.0,-0.0833935067058,0.177881121635
1425,0.0,0.325645029545,-0.737690031528
1426,0.0,0.0990020111203,-0.188452482224
1427,0.0,0.310125857592,-0.829289674759
1428,1.0,-0.149282738566,0.373489022255
1429,1.0,-0.00726278312504,-0.0220159497112
1430,0.0,0.199651092291,-0.449155211449
1431,1.0,-0.253521084785,0.599237799644
1432,1.0,-0.183704733849,0.494617551565
1433,0.0,0.157253965735,-0.379740744829
1434,1.0,-0.290750592947,0.713057398796
1435,0.0,0.32964476943,-0.816939651966
1436,0.0,0.152302950621,-0.285351753235
1437,0.0,0.252471923828,-0.473672777414
1438,1.0,-0.0931461155415,0.238855570555
1439,0.0,0.223170250654,-0.586750984192
1440,1.0,-0.147454231977,0.281067252159
1441,1.0,-0.268427312374,0.586861908436
1442,0.0,0.306887328625,-0.726711690426
1443,0.0,0.355304092169,-0.813724696636
1444,0.0,0.0728092119098,-0.252011746168
1445,0.0,0.0939878374338,-0.123581826687
1446,0.0,0.29390668869,-0.539243280888
1447,0.0,0.344075709581,-0.735512554646
1448,1.0,-0.26272264123,0.576517701149
1449,0.0,0.381417065859,-0.831453084946
1450,1.0,-0.126073032618,0.314487278461
1451,0.0,0.0353702194989,-0.116726092994
1452,0.0,0.277939707041,-0.636568188667
1453,0.0,0.330048292875,-0.75003528595
1454,0.0,0.255885750055,-0.69420337677
1455,0.0,0.165972828865,-0.378729432821
1456,0.0,0.336534500122,-0.810837507248
1457,0.0,0.37431743741,-0.871320903301
1458,0.0,0.302872687578,-0.600922822952
1459,0.0,0.358499884605,-0.79505354166
1460,0.0,0.364455461502,-0.796631813049
1461,1.0,-0.152221411467,0.346700996161
1462,0.0,0.325447261333,-0.742268681526
1463,0.0,0.164512649179,-0.439582914114
1464,1.0,-0.140170261264,0.373751938343
1465,0.0,0.140046164393,-0.326309233904
1466,0.0,0.129395842552,-0.403109759092
1467,0.0,0.208782851696,-0.308421909809
1468,0.0,0.330829918385,-0.791194975376
1469,0.0,0.119435280561,-0.311241477728
1470,0.0,0.164948165417,-0.40545129776
1471,0.0,0.188682302833,-0.353382617235
1472,1.0,-0.273752778769,0.644435405731
1473,0.0,0.193273872137,-0.499724954367
1474,0.0,0.344579696655,-0.727891802788
1475,0.0,0.18555958569,-0.384431272745
1476,1.0,-0.0991413667798,0.23233795166
1477,1.0,0.000213770195842,0.0629383102059
1478,0.0,0.259417891502,-0.527184784412
1479,0.0,0.137048944831,-0.227447271347
1480,0.0,0.279982715845,-0.612945079803
1481,0.0,0.041673399508,-0.0301567092538
1482,0.0,0.24614584446,-0.587671518326
1483,1.0,-0.233396813273,0.507800757885
1484,1.0,-0.196452960372,0.420579463243
1485,0.0,0.398368418217,-1.00187981129
1486,1.0,-0.0784055888653,0.195707708597
1487,1.0,-0.0995646491647,0.259295403957
1488,1.0,-0.145010352135,0.33593711257
1489,1.0,-0.209911182523,0.522622585297
1490,1.0,-0.22100931406,0.481799811125
1491,1.0,-0.0562076456845,0.197004020214
1492,0.0,0.310030639172,-0.76069611311
1493,0.0,0.164008915424,-0.287540316582
1494,0.0,0.242404311895,-0.581958532333
1495,0.0,0.182871937752,-0.348395466805
1496,0.0,0.24278113246,-0.610032618046
1497,0.0,0.213565930724,-0.476301819086
1498,1.0,-0.182506501675,0.501701235771
1499,1.0,-0.172914147377,0.352614074945
1500,0.0,0.080319955945,-0.179982215166
1501,0.0,0.180638000369,-0.441524147987
1502,1.0,-0.151449337602,0.344556748867
1503,0.0,0.232749342918,-0.64657407999
1504,0.0,0.270728141069,-0.554050087929
1505,1.0,0.0431843474507,-0.0491332784295
1506,0.0,0.373434454203,-0.776559948921
1507,1.0,0.0134394988418,-0.0312528721988
1508,0.0,0.202388629317,-0.413114905357
1509,0.0,0.20419639349,-0.432456225157
1510,1.0,-0.108977101743,0.334472000599
1511,1.0,-0.112234093249,0.22117459774
1512,0.0,0.288301169872,-0.762130081654
1513,1.0,-0.211088553071,0.588853240013
1514,0.0,0.266091972589,-0.599680662155
1515,0.0,0.380010515451,-0.918850421906
1516,1.0,-0.228702604771,0.531076133251
1517,1.0,-0.0676691308618,0.166917920113
1518,0.0,0.120921000838,-0.213057845831
1519,0.0,0.0837442204356,-0.272380948067
1520,0.0,0.0831228494644,-0.203589737415
1521,1.0,-0.190093562007,0.435481965542
1522,0.0,0.308422625065,-0.813162744045
1523,1.0,-0.0441760793328,0.117476098239
1524,0.0,0.169266223907,-0.388828784227
1525,1.0,-0.177052155137,0.342687577009
1526,0.0,0.252859085798,-0.524090051651
1527,0.0,0.281839162111,-0.615825951099
1528,1.0,-0.111066274345,0.289452493191
1529,0.0,0.12826512754,-0.348353236914
1530,1.0,-0.243842080235,0.522639334202
1531,0.0,0.270456135273,-0.476081043482
1532,1.0,-0.212643027306,0.523517847061
1533,0.0,0.0625200942159,-0.319169551134
1534,0.0,0.361840128899,-0.87740278244
1535,0.0,0.209581509233,-0.514213144779
1536,0.0,0.24482768774,-0.388353705406
1537,0.0,0.295020133257,-0.667571723461
1538,1.0,-0.0980313420296,0.248193442822
1539,1.0,-0.0763065814972,0.191649407148
1540,0.0,0.175163298845,-0.557652056217
1541,0.0,0.167770698667,-0.47827860713
1542,0.0,0.358374297619,-0.887397050858
1543,1.0,-0.267913579941,0.561485826969
1544,1.0,-0.0598103962839,0.193735867739
1545,1.0,0.0358932726085,-0.0707872658968
1546,0.0,0.314298540354,-0.704691767693
1547,0.0,0.211907252669,-0.441061347723
1548,1.0,-0.260856240988,0.613098025322
1549,1.0,-0.0864804685116,0.206664860249
1550,0.0,0.103617079556,-0.254902809858
1551,0.0,0.295040905476,-0.627529382706
1552,0.0,0.194811582565,-0.441904991865
1553,0.0,0.204843640327,-0.486373394728
1554,1.0,-0.0324530303478,0.0857833623886
1555,1.0,-0.263449728489,0.530233383179
1556,0.0,0.255386680365,-0.636299669743
1557,1.0,-0.310255348682,0.654267847538
1558,0.0,0.113019183278,-0.286285668612
1559,1.0,-0.285512655973,0.588390767574
1560,1.0,-0.15043233335,0.472101777792
1561,1.0,-0.223937273026,0.476057559252
1562,1.0,-0.0999641567469,0.290500044823
1563,1.0,-0.298971325159,0.615516781807
1564,1.0,-0.262727528811,0.673376262188
1565,0.0,0.100699953735,-0.348481565714
1566,1.0,-0.270444512367,0.621626019478
1567,0.0,0.37886172533,-0.759105265141
1568,0.0,0.355047315359,-0.918138861656
1569,1.0,-0.287127107382,0.563857078552
1570,1.0,-0.263008058071,0.597772419453
1571,0.0,0.286934882402,-0.792473733425
1572,0.0,0.096780076623,-0.182403117418
1573,0.0,0.265864610672,-0.581486999989
1574,1.0,-0.206739544868,0.471630483866
1575,0.0,0.171995133162,-0.362742990255
1576,1.0,0.00428296998143,-0.0173725876957
1577,0.0,0.369305431843,-0.802220106125
1578,0.0,0.102268896997,-0.280735820532
1579,0.0,0.220479249954,-0.490997850895
1580,1.0,-0.115134812891,0.400603801012
1581,0.0,0.114916786551,-0.300263255835
1582,0.0,0.317106664181,-0.698406755924
1583,1.0,-0.210931420326,0.437736362219
1584,0.0,0.186488986015,-0.348132312298
1585,0.0,0.206730544567,-0.358703702688
1586,1.0,-0.0862013623118,0.232749193907
1587,1.0,-0.295958012342,0.634964466095
1588,0.0,0.0918923765421,-0.196798712015
1589,1.0,0.0659972578287,-0.171570599079
1590,0.0,0.263494879007,-0.627534985542
1591,1.0,-0.207144215703,0.472705632448
1592,1.0,-0.189724326134,0.442688435316
1593,0.0,0.281102389097,-0.554251372814
1594,0.0,0.192691117525,-0.426372289658
1595,0.0,0.299333184958,-0.552545189857
1596,1.0,-0.0627529397607,0.142032802105
1597,0.0,0.255153089762,-0.727117657661
1598,1.0,-0.0601446256042,0.207786977291
1599,0.0,0.177450582385,-0.303562283516
1600,1.0,-0.0746885240078,0.167484223843
1601,1.0,-0.297041773796,0.774590730667
1602,1.0,0.063268430531,-0.202123343945
1603,0.0,0.268987387419,-0.681320607662
1604,1.0,-0.091759994626,0.197343140841
1605,1.0,-0.107492849231,0.257139801979
1606,1.0,-0.195727154613,0.480460137129
1607,1.0,-0.172717124224,0.362705558538
1608,0.0,0.119303241372,-0.30218321085
1609,0.0,0.0797508135438,-0.121754728258
1610,1.0,-0.0646926313639,0.131014436483
1611,0.0,0.328993320465,-0.701867103577
1612,1.0,-0.157374545932,0.334877222776
1613,1.0,-0.196360111237,0.465824991465
1614,1.0,-0.0732565373182,0.220242887735
1615,1.0,-0.249659866095,0.551045894623
1616,0.0,0.267692834139,-0.564046323299
1617,0.0,0.162555500865,-0.42956507206
1618,0.0,0.256130099297,-0.601509511471
1619,0.0,0.273810148239,-0.526444017887
1620,1.0,-0.29758054018,0.732888102531
1621,1.0,-0.243822857738,0.496681839228
1622,1.0,0.0282594487071,-0.101292192936
1623,1.0,-0.161732807755,0.346345335245
1624,1.0,-0.0299642663449,0.119303517044
1625,1.0,-0.122889019549,0.309956490993
1626,1.0,-0.23350456357,0.544348537922
1627,0.0,0.204345136881,-0.549925029278
1628,0.0,0.252856373787,-0.556790351868
1629,0.0,0.148151472211,-0.291024565697
1630,0.0,0.31352442503,-0.731866896152
1631,0.0,0.012607678771,-0.0245412923396
1632,1.0,-0.292926907539,0.71248871088
1633,0.0,0.0878498703241,-0.253467321396
1634,0.0,0.0931054875255,-0.169326126575
1635,1.0,-0.163852453232,0.384305775166
1636,1.0,0.0616608262062,-0.149377584457
1637,1.0,-0.160369187593,0.26624533534
1638,0.0,0.354494720697,-0.866010427475
1639,0.0,0.334588974714,-0.857945084572
1640,0.0,0.189430370927,-0.385406881571
1641,0.0,0.319046586752,-0.697404026985
1642,1.0,-0.290243864059,0.763724029064
1643,1.0,-0.0111818723381,0.0937563106418
1644,1.0,-0.157594934106,0.436107218266
1645,1.0,0.102844461799,-0.050380628556
1646,1.0,-0.12175399065,0.361505746841
1647,0.0,0.116704002023,-0.136506900191
1648,1.0,-0.0760573446751,0.205714911222
1649,1.0,-0.060596011579,0.254227370024
1650,0.0,0.294782876968,-0.696054577827
1651,1.0,-0.274591833353,0.614693880081
1652,0.0,0.164896741509,-0.306523770094
1653,1.0,-0.16442592442,0.474172085524
1654,1.0,-0.119051404297,0.320868700743
1655,0.0,0.368195712566,-0.849384129047
1656,1.0,-0.147001594305,0.354961782694
1657,1.0,-0.0500878244638,0.192830473185
1658,0.0,0.314175218344,-0.713582217693
1659,0.0,0.165388599038,-0.438169538975
1660,0.0,0.391791403294,-0.883873105049
1661,0.0,0.266138374805,-0.631736695766
1662,0.0,0.303860634565,-0.715692400932
1663,1.0,0.0423290282488,-0.0451649017632
1664,0.0,0.411420166492,-1.05866849422
1665,0.0,0.31711384654,-0.629050552845
1666,1.0,-0.0996365323663,0.209126025438
1667,0.0,0.207334116101,-0.548446238041
1668,1.0,-0.185387149453,0.430390775204
1669,1.0,-0.126983106136,0.307728856802
1670,1.0,-0.300768524408,0.668228805065
1671,1.0,-0.251620799303,0.588095605373
1672,1.0,-0.042614441365,0.144216030836
1673,0.0,0.0939040854573,-0.27895501256
1674,0.0,0.0820330604911,-0.256105899811
1675,1.0,-0.161985382438,0.291210740805
1676,1.0,-0.0635184422135,0.303029984236
1677,0.0,0.355728983879,-0.893600285053
1678,0.0,0.103308930993,-0.14739009738
1679,0.0,0.133507162333,-0.324474424124
1680,1.0,-0.00355676189065,0.0190441869199
1681,0.0,0.0182137526572,-0.105235792696
1682,1.0,-0.0405434556305,0.200010061264
1683,1.0,-0.261434525251,0.703813970089
1684,0.0,0.296910405159,-0.795007348061
1685,0.0,0.222903236747,-0.482144892216
1686,1.0,-0.243327468634,0.576878905296
1687,1.0,-0.0660084933043,0.203761816025
1688,1.0,-0.290848463774,0.641766250134
1689,0.0,0.369877874851,-0.903526067734
1690,1.0,-0.133682459593,0.221609205008
1691,1.0,0.0504711791873,-0.0566116645932
1692,0.0,0.282056778669,-0.80424028635
1693,0.0,0.251580148935,-0.569252789021
1694,1.0,0.0268449485302,0.0612742304802
1695,0.0,-0.0506406351924,0.13570395112
1696,0.0,0.056660503149,-0.0669846534729
1697,1.0,0.0050411131233,-0.107827842236
1698,0.0,0.15283845365,-0.365045726299
1699,0.0,0.183143720031,-0.422365695238
1700,0.0,0.272470235825,-0.633764028549
1701,1.0,-0.245716765523,0.49636259675
1702,1.0,-0.225344330072,0.487599998713
1703,0.0,0.36299136281,-0.899717271328
1704,0.0,0.317595243454,-0.708501517773
1705,1.0,-0.366090625525,0.845166563988
1706,0.0,0.344085693359,-0.77625566721
1707,0.0,0.187538817525,-0.373938590288
1708,0.0,0.228458732367,-0.474375724792
1709,0.0,0.281751543283,-0.483799099922
1710,1.0,-0.0447112619877,0.205723375082
1711,0.0,0.352794677019,-0.856340229511
1712,1.0,-0.166673451662,0.432951658964
1713,1.0,-0.249075621367,0.532038927078
1714,1.0,-0.199624955654,0.382259875536
1715,1.0,-0.281928777695,0.568255960941
1716,0.0,0.432080745697,-1.01688039303
1717,1.0,0.0335672013462,-0.126469343901
1718,1.0,-0.0393069274724,0.130528271198
1719,1.0,-0.124188773334,0.302472084761
1720,0.0,0.15841512382,-0.391848623753
1721,1.0,-0.259777665138,0.65444880724
1722,1.0,-0.0380539037287,0.113232024014
1723,0.0,0.185515880585,-0.376132875681
1724,0.0,0.358253717422,-0.870014190674
1725,1.0,-0.122161462903,0.345485597849
1726,1.0,-0.176592364907,0.365962356329
1727,1.0,-0.00107510387897,0.0516961812973
1728,0.0,0.074213296175,-0.122311748564
1729,1.0,-0.236441299319,0.607605516911
1730,0.0,0.18345707655,-0.453058898449
1731,1.0,-0.21608710289,0.468893378973
1732,0.0,0.273432761431,-0.730870008469
1733,0.0,0.113855704665,-0.375345855951
1734,0.0,0.23825097084,-0.646153688431
1735,0.0,0.0751153454185,-0.166459470987
1736,0.0,0.213264614344,-0.467573463917
1737,0.0,0.335838735104,-0.846868693829
1738,0.0,0.0958154946566,-0.208773195744
1739,0.0,0.279305964708,-0.579829990864
1740,0.0,0.290352225304,-0.784241914749
1741,0.0,0.256121665239,-0.520364522934
1742,1.0,0.0546076744795,-0.223250418901
1743,1.0,-0.267586499453,0.664684176445
1744,0.0,0.217876747251,-0.610923409462
1745,1.0,-0.0891962274909,0.268871366978
1746,1.0,-0.18070602417,0.362206339836
1747,1.0,-0.245157212019,0.617454051971
1748,1.0,-0.23927564919,0.584765195847
1749,1.0,-0.325989544392,0.701851785183
1750,0.0,0.223831146955,-0.609491705894
1751,0.0,0.129477217793,-0.287502288818
1752,1.0,-0.0593466535211,0.193112820387
1753,1.0,0.0143583267927,0.0224714241922
1754,1.0,-0.0224530808628,0.157785564661
1755,1.0,-0.0162028409541,0.0570558086038
1756,0.0,0.193595394492,-0.400452256203
1757,1.0,-0.313975870609,0.638743340969
1758,1.0,-0.0970382541418,0.280221015215
1759,1.0,-0.30643171072,0.708628296852
1760,0.0,0.217860803008,-0.487128734589
1761,1.0,-0.298242747784,0.643290817738
1762,0.0,0.227018520236,-0.494622319937
1763,1.0,-0.165301501751,0.440636605024
1764,0.0,0.206427276134,-0.524381935596
1765,0.0,0.328005939722,-0.798172175884
1766,0.0,0.393629699945,-0.80892843008
1767,0.0,0.192577317357,-0.487497806549
1768,1.0,-0.037442356348,-0.00620972365141
1769,1.0,-0.305147767067,0.729504346848
1770,1.0,-0.0648731887341,0.225328981876
1771,0.0,0.313261449337,-0.730862021446
1772,1.0,-0.312238037586,0.662195265293
1773,1.0,-0.151686638594,0.281858175993
1774,1.0,-0.221529096365,0.551113247871
1775,0.0,0.150612562895,-0.432652562857
1776,0.0,0.25550147891,-0.696231901646
1777,1.0,-0.256094574928,0.61590898037
1778,1.0,-0.0628799200058,0.111951194704
1779,0.0,0.11886370182,-0.391041874886
1780,0.0,0.334857344627,-0.912793576717
1781,1.0,-0.0345460698009,0.0729383304715
1782,0.0,0.130189463496,-0.373569250107
1783,0.0,0.483800202608,-1.07057249546
1784,0.0,0.0996314361691,-0.152833536267
1785,0.0,0.354209333658,-0.771508038044
1786,1.0,-0.107446737587,0.331186622381
1787,1.0,-0.021300945431,0.114574350417
1788,1.0,0.0135101787746,0.0174963288009
1789,1.0,-0.147043317556,0.374210357666
1790,1.0,-0.340775579214,0.801559507847
1791,1.0,-0.0917843356729,0.221714496613
1792,0.0,0.0451508015394,-0.063148856163
1793,1.0,-0.138563349843,0.353003591299
1794,1.0,-0.209561988711,0.607868790627
1795,1.0,-0.166740313172,0.413930416107
1796,0.0,0.135080084205,-0.264190107584
1797,0.0,0.162286430597,-0.447426587343
1798,0.0,0.188538551331,-0.319564133883
1799,1.0,-0.140515565872,0.329180002213
1800,0.0,0.0720470845699,-0.0725763589144
1801,1.0,-0.233409062028,0.613595247269
1802,0.0,0.372720062733,-0.85882806778
1803,1.0,-0.300679475069,0.607397675514
1804,1.0,-0.260056257248,0.633465588093
1805,1.0,-0.0209628231823,0.0827751681209
1806,1.0,0.00519315525889,-0.0102119334042
1807,0.0,0.335971623659,-0.838694632053
1808,0.0,0.35506695509,-0.742677092552
1809,0.0,0.354418635368,-0.874823689461
1810,1.0,-0.272201299667,0.629475295544
1811,0.0,0.188175722957,-0.388850331306
1812,0.0,0.279080837965,-0.604619324207
1813,0.0,0.0452244058251,-0.0160150062293
1814,1.0,-0.0784455090761,0.17065218091
1815,0.0,0.218380689621,-0.534595191479
1816,1.0,-0.126867443323,0.316503703594
1817,1.0,-0.267937064171,0.59165674448
1818,0.0,0.298233091831,-0.740892708302
1819,0.0,0.233955711126,-0.57386136055
1820,1.0,-0.15308059752,0.310098022223
1821,1.0,-0.238455832005,0.656823933125
1822,1.0,-0.293234527111,0.725416064262
1823,0.0,0.3626768291,-0.808724761009
1824,1.0,-0.110402233899,0.12102099508
1825,0.0,0.0461029410362,-0.149028807878
1826,1.0,-0.110666483641,0.318526625633
1827,1.0,-0.144167438149,0.277738153934
1828,1.0,-0.344705909491,0.771671414375
1829,1.0,0.0135199278593,0.0902430638671
1830,0.0,0.327474862337,-0.848731100559
1831,0.0,0.141801133752,-0.401880741119
1832,0.0,0.229784280062,-0.595654249191
1833,0.0,0.355833619833,-0.823289752007
1834,1.0,-0.145986884832,0.342947542667
1835,1.0,-0.267530679703,0.596259057522
1836,0.0,0.281801074743,-0.595564424992
1837,1.0,0.0839536339045,-0.153645277023
1838,1.0,-0.138089537621,0.357636213303
1839,1.0,-0.283224970102,0.581269741058
1840,1.0,-0.154575362802,0.366676002741
1841,1.0,-0.271597385406,0.642024040222
1842,0.0,0.211126819253,-0.490865767002
1843,1.0,-0.128820151091,0.299370884895
1844,1.0,-0.255693674088,0.600163221359
1845,0.0,0.113507688046,-0.278034359217
1846,0.0,0.192678749561,-0.500677525997
1847,1.0,-0.260524868965,0.660230815411
1848,0.0,0.354894191027,-0.842648744583
1849,1.0,-0.146251395345,0.31005641818
1850,0.0,0.314073354006,-0.837436676025
1851,1.0,-0.188486084342,0.454082518816
1852,0.0,0.309181660414,-0.664468586445
1853,1.0,-0.351609945297,0.746058344841
1854,0.0,0.163566023111,-0.293010294437
1855,1.0,0.0683689787984,-0.219571858644
1856,0.0,0.205988973379,-0.542166948318
1857,1.0,-0.158747181296,0.2789080441
1858,0.0,0.33117300272,-0.675951004028
1859,1.0,-0.187259018421,0.398745179176
1860,0.0,0.234996438026,-0.554132342339
1861,1.0,-0.0473177805543,0.138277620077
1862,1.0,-0.0499764233828,0.168937653303
1863,1.0,-0.0442754514515,0.088897921145
1864,1.0,-0.038325227797,-0.0281788315624
1865,1.0,-0.183020874858,0.414121210575
1866,1.0,-0.0743856281042,0.152399510145
1867,0.0,0.0867713019252,-0.277705699205
1868,0.0,0.159753903747,-0.392990708351
1869,0.0,0.217657610774,-0.417553722858
1870,0.0,0.14178827405,-0.321588397026
1871,1.0,-0.257871448994,0.556527733803
1872,0.0,0.21881647408,-0.600516021252
1873,1.0,-0.0707058832049,0.115791670978
1874,1.0,-0.0157793108374,0.0743571519852
1875,1.0,-0.226730629802,0.557461202145
1876,0.0,0.0991494879127,-0.276545614004
1877,0.0,0.14516954124,-0.28780579567
1878,1.0,-0.282530575991,0.691691339016
1879,0.0,0.291203200817,-0.753570497036
1880,0.0,0.256013184786,-0.515028595924
1881,1.0,-0.11068508029,0.242899745703
1882,1.0,-0.198806360364,0.489244133234
1883,1.0,-0.138978824019,0.414438128471
1884,1.0,-0.192176491022,0.477253466845
1885,1.0,-0.0878010317683,0.147152215242
1886,1.0,-0.239770308137,0.58885872364
1887,0.0,0.106055825949,-0.268985003233
1888,0.0,0.213662862778,-0.511848807335
1889,1.0,-0.155167281628,0.395093172789
1890,0.0,0.273384511471,-0.585441231728
1891,1.0,-0.336414605379,0.666371226311
1892,0.0,0.111130356789,-0.105899475515
1893,1.0,-0.243603006005,0.628735780716
1894,1.0,-0.23749011755,0.544062316418
1895,1.0,-0.113392867148,0.283446580172
1896,1.0,-0.243228018284,0.551675915718
1897,1.0,-0.307949542999,0.631932973862
1898,1.0,-0.173568978906,0.378810048103
1899,1.0,0.0488568469882,0.117300890386
1900,0.0,0.197635263205,-0.497231692076
1901,0.0,0.247677624226,-0.44350412488
1902,1.0,-0.00737049803138,0.0429899767041
1903,0.0,0.0373285897076,-0.00474533811212
1904,1.0,-0.174103394151,0.498214691877
1905,0.0,0.354301810265,-0.831111967564
1906,1.0,-0.30885130167,0.705771863461
1907,0.0,0.169201299548,-0.42115226388
1908,1.0,-0.197472989559,0.50252956152
1909,0.0,0.246552079916,-0.637768208981
1910,1.0,-0.0553982853889,0.163255363703
1911,0.0,0.263702571392,-0.573503494263
1912,0.0,0.375433385372,-0.808112800121
1913,1.0,-0.29252833128,0.657715022564
1914,0.0,0.31224155426,-0.590058743954
1915,0.0,0.104933768511,-0.221244961023
1916,1.0,-0.246234253049,0.636244833469
1917,0.0,0.328618079424,-0.712706446648
1918,1.0,-0.0384717993438,0.308621585369
1919,1.0,-0.0322160758078,0.138010263443
1920,0.0,0.143812909722,-0.334388017654
1921,0.0,0.321956992149,-0.848542511463
1922,1.0,-0.139322668314,0.301533490419
1923,1.0,-0.293001621962,0.683997094631
1924,0.0,0.301088541746,-0.605726122856
1925,1.0,0.0224119126797,0.0208295322955
1926,0.0,0.203701227903,-0.388616800308
1927,0.0,0.110985860229,-0.254815250635
1928,0.0,0.326583385468,-0.831573009491
1929,1.0,-0.108889907598,0.296836733818
1930,0.0,0.301029264927,-0.708325564861
1931,1.0,-0.142556846142,0.373017013073
1932,1.0,-0.240256786346,0.555208146572
1933,0.0,0.362913101912,-0.7486551404
1934,0.0,0.317753344774,-0.679393708706
1935,0.0,0.13168695569,-0.365698486567
1936,0.0,0.33942052722,-0.76966381073
1937,1.0,0.0198944248259,-0.0702235549688
1938,1.0,-0.152384489775,0.450420796871
1939,1.0,0.0775454044342,-0.066204406321
1940,1.0,-0.0457408875227,0.156190305948
1941,0.0,0.216477692127,-0.522730410099
1942,1.0,-0.267022967339,0.584526479244
1943,1.0,-0.132888287306,0.317860096693
1944,0.0,0.201601788402,-0.391636788845
1945,1.0,-0.287406772375,0.640079557896
1946,0.0,0.177892416716,-0.387777239084
1947,0.0,0.0464094504714,-0.188305318356
1948,1.0,-0.0434688404202,0.0572001934052
1949,0.0,0.310560047626,-0.753901481628
1950,0.0,0.30849891901,-0.656867086887
1951,0.0,0.110127538443,-0.292444854975
1952,0.0,0.370503008366,-0.941739082336
1953,0.0,0.238621145487,-0.499692082405
1954,0.0,0.318652361631,-0.747742772102
1955,0.0,0.447075992823,-0.978145241737
1956,1.0,-0.191936016083,0.572449505329
1957,0.0,0.0878104493022,-0.290918886662
1958,0.0,0.346256405115,-0.759970247746
1959,1.0,-0.164415881038,0.376688271761
1960,0.0,0.0890179201961,-0.168666005135
1961,1.0,-0.0168553609401,0.0229675732553
1962,1.0,-0.162766844034,0.397280722857
1963,1.0,-0.109457440674,0.294250935316
1964,0.0,0.341466635466,-0.784611225128
1965,0.0,0.215364038944,-0.51870816946
1966,1.0,-0.237159326673,0.523820161819
1967,1.0,-0.153717711568,0.276524156332
1968,1.0,-0.296408861876,0.706561326981
1969,0.0,0.122640520334,-0.256606578827
1970,0.0,0.198827981949,-0.38124063611
1971,1.0,-0.125828742981,0.402484863997
1972,1.0,-0.252261579037,0.586977601051
1973,1.0,-0.293359875679,0.73737603426
1974,1.0,0.113916352391,-0.0993660837412
1975,0.0,0.162502512336,-0.422893255949
1976,1.0,-0.0758256241679,0.174467921257
1977,0.0,0.104893147945,-0.188543230295
1978,1.0,-0.0843955799937,0.169853001833
1979,0.0,0.116498485208,-0.250190466642
1980,0.0,0.217643305659,-0.472019284964
1981,0.0,0.329059004784,-0.672561168671
1982,1.0,-0.16220703721,0.491354197264
1983,1.0,-0.149684369564,0.364607870579
1984,1.0,-0.163482069969,0.429772466421
1985,1.0,-0.20795468986,0.610810518265
1986,1.0,0.00454119034111,0.0258126109838
1987,1.0,-0.103975169361,0.305858910084
1988,0.0,0.303304970264,-0.820770144463
1989,1.0,-0.308235913515,0.658608257771
1990,0.0,0.473296970129,-1.10049498081
1991,1.0,-0.278097480536,0.627152502537
1992,0.0,0.195052579045,-0.484674632549
1993,0.0,0.126907020807,-0.15146663785
1994,1.0,-0.245068654418,0.678250908852
1995,1.0,-0.164666697383,0.364696770906
1996,0.0,0.0667705386877,-0.166336596012
1997,1.0,-0.204724267125,0.46655574441
1998,0.0,0.346311956644,-0.738992631435
1999,1.0,-0.247211933136,0.605026602745
2000,0.0,0.182067587972,-0.510790884495
2001,1.0,-0.181744009256,0.409298062325
2002,1.0,-0.0958339422941,0.249590575695
2003,0.0,0.374178051949,-0.953359186649
2004,1.0,-0.208774536848,0.40666899085
2005,0.0,0.191314175725,-0.445497870445
2006,1.0,0.102575749159,-0.277092725039
2007,0.0,0.149110049009,-0.312204033136
2008,0.0,0.233039438725,-0.468519538641
2009,1.0,-0.109260447323,0.261272609234
2010,0.0,0.292267739773,-0.616626977921
2011,1.0,-0.0559825859964,0.204802811146
2012,0.0,0.0999207422137,-0.167075514793
2013,0.0,0.143451660872,-0.403814643621
2014,1.0,-0.0260293148458,0.0316146910191
2015,0.0,0.192276373506,-0.374179810286
2016,1.0,-0.13359349966,0.324921548367
2017,0.0,0.158599480987,-0.309693574905
2018,0.0,0.108107253909,-0.169593989849
2019,1.0,-0.0739546716213,0.127087116241
2020,1.0,-0.14208856225,0.453612446785
2021,1.0,-0.129348367453,0.307593166828
2022,1.0,-0.282177180052,0.786370992661
2023,1.0,-0.357049494982,0.719969451427
2024,1.0,-0.137632399797,0.347708165646
2025,0.0,0.18067933619,-0.371215730906
2026,0.0,0.161991328001,-0.414604395628
2027,0.0,0.319521814585,-0.781014978886
2028,0.0,0.397862106562,-0.985847234726
2029,1.0,-0.0282714087516,0.0914967134595
2030,0.0,0.0604800283909,-0.0488318167627
2031,0.0,0.13823877275,-0.199392139912
2032,0.0,0.0963931977749,-0.198363602161
2033,0.0,0.0764958709478,-0.29062384367
2034,1.0,-0.300383150578,0.711449861526
2035,0.0,0.269844025373,-0.721686899662
2036,0.0,0.345611095428,-0.799617171288
2037,1.0,-0.24497230351,0.537413179874
2038,0.0,0.0983321815729,-0.19459143281
2039,1.0,-0.12025462836,0.221341639757
2040,0.0,0.15526920557,-0.416111588478
2041,0.0,0.201641350985,-0.495823025703
2042,1.0,-0.0442895144224,0.183702558279
2043,1.0,-0.0852708220482,0.216596752405
2044,1.0,-0.014075037092,0.108201764524
2045,1.0,-0.164565250278,0.339309245348
2046,0.0,0.224340006709,-0.522984027863
2047,1.0,-0.259840250015,0.620883584023
2048,0.0,0.290187269449,-0.639516472816
2049,1.0,-0.0901713743806,0.266770124435
2050,1.0,-0.142422765493,0.346706241369
2051,0.0,0.113190680742,-0.319417834282
2052,0.0,0.127789899707,-0.262312710285
2053,0.0,0.207624435425,-0.472290754318
2054,0.0,0.205066651106,-0.504513680935
2055,1.0,-0.290901660919,0.68721807003
2056,1.0,-0.0219014547765,0.0418727993965
2057,1.0,-0.0977887734771,0.280687063932
2058,0.0,0.210916891694,-0.473389476538
2059,0.0,0.283325910568,-0.611900627613
2060,0.0,0.229557007551,-0.492952257395
2061,0.0,0.123860538006,-0.273214966059
2062,1.0,-0.179645597935,0.479903787374
2063,0.0,0.398703455925,-0.855305433273
2064,0.0,0.0823854058981,-0.102187640965
2065,0.0,0.129715919495,-0.368295401335
2066,0.0,0.172024488449,-0.456524908543
2067,1.0,-0.231799855828,0.521590590477
2068,1.0,-0.190971493721,0.478841334581
2069,0.0,0.37407296896,-0.817696154118
2070,1.0,-0.230273246765,0.58520835638
2071,0.0,0.335731953382,-0.651728332043
2072,0.0,0.180250018835,-0.534480333328
2073,1.0,-0.176473408937,0.390635967255
2074,1.0,-0.153736799955,0.336654216051
2075,1.0,-0.1314663589,0.299773126841
2076,1.0,-0.244063705206,0.559096872807
2077,1.0,-0.0551104880869,0.250826120377
2078,1.0,-0.0568292848766,0.0923773571849
2079,0.0,0.330478698015,-0.856777429581
2080,0.0,0.273314714432,-0.67235827446
2081,1.0,-0.251726925373,0.596492886543
2082,0.0,0.143769308925,-0.309049487114
2083,1.0,-0.192876845598,0.390903890133
2084,1.0,-0.0786839872599,0.242191702127
2085,1.0,-0.122537091374,0.302692353725
2086,1.0,0.0103313345462,-0.0619090422988
2087,1.0,-0.143656462431,0.337227553129
2088,0.0,0.195905759931,-0.320267379284
2089,0.0,0.241696834564,-0.530794918537
2090,1.0,-0.172228425741,0.331165522337
2091,0.0,0.100503489375,-0.166658759117
2092,1.0,-0.224333181977,0.422272235155
2093,0.0,0.214044988155,-0.480934143066
2094,0.0,0.124177977443,-0.225229561329
2095,1.0,-0.295412451029,0.639077425003
2096,1.0,-0.320292979479,0.747092425823
2097,1.0,-0.0763883888721,0.321837365627
2098,0.0,0.130447477102,-0.234886676073
2099,0.0,0.291908144951,-0.734283030033
2100,0.0,0.0975600928068,-0.231841027737
2101,0.0,0.33045348525,-0.681518793106
2102,0.0,0.152094557881,-0.344145089388
2103,1.0,0.120092660189,-0.186286687851
2104,1.0,-0.147703930736,0.376727074385
2105,0.0,0.219038575888,-0.395885497332
2106,1.0,-0.315379112959,0.739988446236
2107,0.0,0.0733433514833,-0.211682379246
2108,1.0,-0.225045368075,0.559808075428
2109,0.0,0.165362596512,-0.202585637569
2110,0.0,0.338368684053,-0.731073558331
2111,0.0,0.100693024695,-0.0994412302971
2112,1.0,-0.221581175923,0.58929002285
2113,1.0,-0.135670274496,0.256323158741
2114,1.0,-0.0922224447131,0.135949611664
2115,0.0,0.344572484493,-0.769502699375
2116,0.0,0.0783242806792,-0.134233742952
2117,0.0,0.279429286718,-0.649673640728
2118,0.0,0.266318202019,-0.690575540066
2119,0.0,0.0804975405335,-0.167993158102
2120,0.0,0.0379926040769,-0.0922700464725
2121,0.0,0.21370100975,-0.455418199301
2122,0.0,0.122794404626,-0.395298957825
2123,0.0,0.0364368930459,-0.0570311918855
2124,0.0,0.315216958523,-0.734427511692
2125,0.0,0.397056490183,-0.885536193848
2126,1.0,-0.127454996109,0.208606034517
2127,0.0,0.200483053923,-0.460627645254
2128,0.0,0.271058768034,-0.658868253231
2129,0.0,0.144576758146,-0.173735827208
2130,0.0,0.384636044502,-0.940671563148
2131,1.0,-0.135604739189,0.348643600941
2132,0.0,0.153648406267,-0.331482172012
2133,0.0,0.334933251143,-0.793296694756
2134,0.0,0.316262811422,-0.682835578918
2135,0.0,0.318333566189,-0.778768777847
2136,1.0,-0.405149072409,0.891257166862
2137,1.0,-0.0801774859428,0.273459821939
2138,0.0,0.168017745018,-0.285230576992
2139,1.0,-0.0917761400342,0.213343858719
2140,0.0,0.328014373779,-0.781460344791
2141,1.0,-0.18901219964,0.358767658472
2142,0.0,0.257810592651,-0.546105146408
2143,1.0,-0.14020305872,0.289039224386
2144,1.0,-0.147128388286,0.340013533831
2145,0.0,0.360796421766,-0.847289323807
2146,0.0,0.131298184395,-0.391885608435
2147,0.0,0.240879118443,-0.601020872593
2148,0.0,0.174083024263,-0.265583246946
2149,0.0,0.333965241909,-0.711915194988
2150,1.0,-0.219829201698,0.415324091911
2151,1.0,-0.231114894152,0.519176065922
2152,1.0,-0.139815092087,0.342100292444
2153,1.0,-0.157201960683,0.358557313681
2154,1.0,0.138264447451,-0.349658787251
2155,1.0,-0.222148001194,0.525946259499
2156,0.0,0.0996249094605,-0.256336778402
2157,1.0,-0.284692913294,0.668678998947
2158,0.0,0.181874036789,-0.481227427721
2159,1.0,-0.259671121836,0.63258177042
2160,0.0,0.222794994712,-0.493958592415
2161,1.0,-0.122221626341,0.329341977835
2162,1.0,0.0609517470002,-0.0203108899295
2163,1.0,-0.254077315331,0.753320813179
2164,1.0,-0.0765091478825,0.339465558529
2165,0.0,0.169204011559,-0.377115756273
2166,0.0,0.219578161836,-0.691936552525
2167,0.0,0.432322382927,-0.881113171577
2168,1.0,-0.0775775611401,0.110939405859
2169,1.0,-0.0392043665051,0.158018708229
2170,1.0,-0.152166217566,0.3715967834
2171,0.0,0.273062974215,-0.623082816601
2172,1.0,-0.164171352983,0.475482851267
2173,0.0,0.234417259693,-0.442476779222
2174,0.0,0.418411940336,-0.95815461874
2175,1.0,-0.262297451496,0.679532825947
2176,0.0,0.110205471516,-0.278257668018
2177,0.0,0.126076757908,-0.284330159426
2178,0.0,0.257719933987,-0.629707813263
2179,1.0,-0.292405337095,0.673022329807
2180,1.0,-0.307528585196,0.652602136135
2181,1.0,-0.14297530055,0.131040513515
2182,1.0,-0.109018087387,0.297991365194
2183,1.0,-0.225297629833,0.408342421055
2184,0.0,0.100367158651,-0.264963120222
2185,1.0,-0.215502843261,0.600453913212
2186,1.0,-0.264603734016,0.813513159752
2187,1.0,-0.260788083076,0.394762575626
2188,0.0,0.28894174099,-0.557112395763
2189,0.0,0.323978722095,-0.805333137512
2190,0.0,0.149639099836,-0.237793982029
2191,0.0,0.340798676014,-0.848557293415
2192,1.0,-0.203708782792,0.472116857767
2193,0.0,0.132993817329,-0.333626002073
2194,0.0,0.338743120432,-0.763118386269
2195,0.0,0.158616811037,-0.263159304857
2196,0.0,0.0816915035248,-0.179850518703
2197,1.0,-0.231902390718,0.592782795429
2198,0.0,0.0803773775697,-0.237265229225
2199,0.0,0.352108627558,-0.748524367809
2200,1.0,0.0642691403627,-0.0955674350262
2201,0.0,0.397090613842,-0.961341023445
2202,1.0,-0.262167423964,0.536439299583
2203,1.0,-0.0596945360303,0.166567355394
2204,0.0,0.0406288318336,0.0174835771322
2205,1.0,-0.046638969332,0.191189408302
2206,0.0,0.149568453431,-0.360255658627
2207,1.0,-0.15702418983,0.365647614002
2208,0.0,0.199730202556,-0.427164524794
2209,0.0,0.308721840382,-0.761061906815
2210,1.0,-0.0359974987805,0.179427802563
2211,1.0,-0.0248940698802,0.191242396832
2212,1.0,-0.231828600168,0.504866540432
2213,0.0,0.304973751307,-0.630231499672
2214,0.0,0.285353720188,-0.676362395287
2215,0.0,0.174692973495,-0.412070333958
2216,0.0,0.2849791646,-0.73238915205
2217,1.0,0.041368573904,-0.0899868160486
2218,0.0,0.358321219683,-0.864976882935
2219,1.0,-0.248188465834,0.514030754566
2220,0.0,0.343433827162,-0.731010854244
2221,0.0,0.0724806785583,-0.22677436471
2222,0.0,0.190261736512,-0.483455598354
2223,0.0,0.244238138199,-0.704864025116
2224,1.0,-0.269180893898,0.779675364494
2225,0.0,0.20052754879,-0.17571914196
2226,0.0,0.247975975275,-0.45876839757
2227,1.0,-0.152751103044,0.388638794422
2228,1.0,0.0733117610216,-0.147171467543
2229,1.0,-0.122079022229,0.303863078356
2230,1.0,-0.243775174022,0.718651294708
2231,0.0,0.18203933537,-0.470882564783
2232,0.0,0.25641644001,-0.47843593359
2233,1.0,-0.21572817862,0.49589279294
2234,0.0,0.214829176664,-0.414045631886
2235,0.0,0.168237298727,-0.372630655766
2236,1.0,-0.0349217131734,0.0552600026131
2237,1.0,-0.234763801098,0.5688393116
2238,1.0,-0.0438471958041,0.200123637915
2239,0.0,0.187435939908,-0.372106105089
2240,1.0,-0.126519709826,0.328414976597
2241,0.0,0.0117704831064,-0.127278059721
2242,0.0,0.303851336241,-0.785839259624
2243,0.0,0.191624909639,-0.500074148178
2244,0.0,0.168868809938,-0.42567718029
2245,1.0,-0.212833628058,0.412445932627
2246,1.0,-0.0166863128543,-0.0238502230495
2247,1.0,-0.0814066529274,0.187821894884
2248,1.0,-0.296089738607,0.631271004677
2249,0.0,0.204003080726,-0.516291797161
2250,0.0,0.137122169137,-0.266207545996
2251,0.0,0.321159183979,-0.647524476051
2252,1.0,0.0293215289712,-0.0559534952044
2253,0.0,0.348235338926,-0.761770427227
2254,1.0,0.0638074055314,-0.215349256992
2255,1.0,-0.278203397989,0.699567139149
2256,0.0,0.392189204693,-1.0323830843
2257,1.0,0.0276771374047,-0.0453618466854
2258,0.0,0.331227719784,-0.857289493084
2259,1.0,-0.242141500115,0.517526865005
2260,0.0,0.0791535228491,-0.142700299621
2261,1.0,-0.247745260596,0.562592923641
2262,0.0,0.194506391883,-0.452200263739
2263,1.0,-0.173559859395,0.356929123402
2264,0.0,0.014632217586,-0.0537116751075
2265,1.0,0.0308452360332,0.0667604357004
2266,1.0,-0.28867277503,0.526491045952
2267,0.0,0.0198840610683,-0.0997883975506
2268,1.0,0.0884091630578,-0.152753427625
2269,0.0,0.0384324863553,-0.0873663574457
2270,1.0,-0.166487842798,0.403816133738
2271,1.0,-0.299871355295,0.651167571545
2272,0.0,0.316620111465,-0.885707676411
2273,1.0,-0.246075123549,0.49851372838
2274,0.0,0.185477033257,-0.423177480698
2275,0.0,0.226846158504,-0.435287535191
2276,1.0,-0.299275845289,0.715489506721
2277,1.0,-0.221110388637,0.550035834312
2278,0.0,0.427754044533,-0.995187520981
2279,1.0,-0.236627653241,0.554381608963
2280,0.0,0.104701980948,-0.353536516428
2281,0.0,0.395691931248,-0.775562345982
2282,0.0,0.122013300657,-0.326785981655
2283,0.0,0.216497734189,-0.310931771994
2284,0.0,0.291248381138,-0.57729446888
2285,0.0,0.0967807248235,-0.178989440203
2286,0.0,0.131773948669,-0.264397442341
2287,1.0,-0.112637482584,0.225411444902
2288,1.0,-0.0166742037982,-0.0593432560563
2289,1.0,-0.0113189518452,0.055464297533
2290,1.0,-0.101980268955,0.28585138917
2291,1.0,-0.261470675468,0.589311361313
2292,1.0,-0.245879992843,0.486760228872
2293,1.0,-0.107130274177,0.334741860628
2294,0.0,0.371009379625,-0.951148509979
2295,0.0,0.335754781961,-0.796767950058
2296,1.0,-0.174328178167,0.456377625465
2297,1.0,-0.234779492021,0.506031155586
2298,0.0,0.0102203600109,0.0197909548879
2299,1.0,-0.34815248847,0.717545926571
2300,0.0,0.428586214781,-1.10061812401
2301,1.0,-0.162071019411,0.349599421024
2302,1.0,-0.0756886154413,0.345354646444
2303,0.0,0.363822728395,-0.750594079494
2304,1.0,-0.287548810244,0.626920700073
2305,1.0,-0.28770160675,0.595654308796
2306,1.0,-0.00282040052116,0.14791816473
2307,0.0,0.232496976852,-0.584888398647
2308,0.0,0.315501987934,-0.747960031033
2309,1.0,-0.0307168141007,0.0973845049739
2310,0.0,0.339755266905,-0.776915252209
2311,1.0,-0.293019413948,0.502665638924
2312,0.0,0.101988188922,-0.166807323694
2313,1.0,-0.190434843302,0.513115882874
2314,1.0,-0.0398883372545,0.128003895283
2315,0.0,0.383035957813,-0.867391049862
2316,0.0,0.232344210148,-0.55949062109
2317,0.0,0.0455236881971,-0.175251424313
2318,0.0,0.331171274185,-0.721534430981
2319,1.0,-0.0149478428066,0.135520339012
2320,0.0,0.130905941129,-0.327059388161
2321,1.0,-0.0645148307085,0.244442224503
2322,0.0,0.158664435148,-0.280277907848
2323,1.0,-0.141974747181,0.401357620955
2324,0.0,0.353346318007,-0.77811896801
2325,0.0,0.0366651676595,-0.109972655773
2326,1.0,-0.226160719991,0.511116445065
2327,1.0,-0.137847274542,0.329218477011
2328,0.0,0.155721992254,-0.520181834698
2329,0.0,0.346856206656,-0.768631458282
2330,0.0,0.091889090836,-0.266327291727
2331,1.0,-0.0851292088628,0.222818553448
2332,0.0,0.288421630859,-0.577948212624
2333,1.0,-0.132867634296,0.409517288208
2334,1.0,-0.277937829494,0.695469975471
2335,1.0,-0.264350473881,0.557381093502
2336,1.0,-0.196105629206,0.556421399117
2337,0.0,0.339054733515,-0.732569694519
2338,0.0,0.199395433068,-0.245746642351
2339,0.0,0.278783917427,-0.584776997566
2340,1.0,-0.0479840263724,0.160596996546
2341,1.0,-0.132596284151,0.29572442174
2342,1.0,-0.182783901691,0.387153565884
2343,0.0,0.336415201426,-0.798834383488
2344,0.0,0.3580943048,-0.926925301552
2345,0.0,0.11057536304,-0.258964031935
2346,1.0,-0.223885670304,0.467457264662
2347,1.0,-0.0178898908198,0.142865180969
2348,0.0,0.0677240416408,-0.247142016888
2349,0.0,0.299107551575,-0.689345777035
2350,1.0,-0.209855258465,0.444914847612
2351,0.0,0.407418310642,-1.05354833603
2352,0.0,0.173044487834,-0.501634299755
2353,1.0,-0.0576965920627,0.123804278672
2354,0.0,0.229691028595,-0.688529372215
2355,1.0,-0.018788119778,0.114625401795
2356,1.0,-0.187956079841,0.442427992821
2357,1.0,-0.152488559484,0.288856327534
2358,1.0,-0.205035552382,0.4537127316
2359,0.0,0.208783388138,-0.499007463455
2360,1.0,-0.163394495845,0.378716647625
2361,1.0,-0.00549509283155,-0.180243164301
2362,0.0,0.243579030037,-0.628280639648
2363,1.0,-0.0770415812731,0.191475957632
2364,1.0,-0.0893612578511,0.2003723979
2365,0.0,0.254286199808,-0.563633561134
2366,1.0,-0.130191504955,0.288882166147
2367,0.0,0.195583611727,-0.362377107143
2368,1.0,-0.079827979207,0.252822965384
2369,1.0,-0.205565199256,0.464436620474
2370,0.0,0.405271708965,-1.02617645264
2371,0.0,0.190606743097,-0.424750417471
2372,0.0,0.292975276709,-0.633035600185
2373,1.0,-0.228556081653,0.532018065453
2374,1.0,-0.0557224005461,0.161785632372
2375,1.0,-0.16480062902,0.41059204936
2376,1.0,-0.17062947154,0.384708076715
2377,1.0,-0.103494606912,0.138723641634
2378,1.0,-0.109281785786,0.230968654156
2379,1.0,-0.0579543560743,0.164671957493
2380,0.0,0.174321502447,-0.394499331713
2381,0.0,0.138805583119,-0.145544201136
2382,0.0,0.224327266216,-0.553513884544
2383,0.0,0.267897635698,-0.592187702656
2384,1.0,-0.180147007108,0.42597219348
2385,1.0,-0.0695292875171,0.167459577322
2386,1.0,-0.195063382387,0.586962282658
2387,1.0,-0.0244874544442,0.00390134751797
2388,0.0,0.281493663788,-0.807321131229
2389,0.0,0.195622846484,-0.47141200304
2390,0.0,-0.00996970944107,0.058435253799
2391,0.0,0.0635447502136,-0.184908300638
2392,0.0,0.309824734926,-0.751698493958
2393,0.0,0.232900083065,-0.45975908637
2394,0.0,0.323461055756,-0.745709359646
2395,1.0,-0.0995809733868,0.126913011074
2396,0.0,0.289402723312,-0.644437491894
2397,1.0,-0.167638003826,0.409837126732
2398,0.0,0.0674921944737,-0.169883370399
2399,0.0,0.147100299597,-0.36335298419
2400,0.0,0.186917424202,-0.433823823929
2401,0.0,0.240522831678,-0.535033881664
2402,1.0,-0.00684959068894,0.0935979858041
2403,0.0,0.0792987123132,-0.215337097645
2404,1.0,-0.147848621011,0.409307807684
2405,1.0,-0.203160628676,0.467561990023
2406,0.0,0.125225573778,-0.272888749838
2407,1.0,0.0236008353531,-0.0902061983943
2408,0.0,0.287406027317,-0.645406961441
2409,0.0,0.209140256047,-0.536851584911
2410,1.0,0.00132547691464,-0.0212151501328
2411,0.0,0.180056408048,-0.319076925516
2412,0.0,0.375888705254,-0.81474763155
2413,1.0,-0.197081953287,0.4422134161
2414,1.0,-0.22457690537,0.464366048574
2415,1.0,-0.0721292942762,0.0906277373433
2416,0.0,0.0126453116536,-0.0122358333319
2417,0.0,0.368278294802,-0.915732562542
2418,0.0,0.313842475414,-0.778002023697
2419,1.0,-0.291938453913,0.741706132889
2420,0.0,0.204933673143,-0.520471215248
2421,1.0,-0.0777180269361,0.178406268358
2422,0.0,0.159137457609,-0.313512206078
2423,0.0,0.306630641222,-0.707827150822
2424,0.0,0.0816263929009,-0.193282067776
2425,1.0,-0.144484132528,0.371869444847
2426,1.0,-0.0844617486,0.0352086797357
2427,1.0,-0.211390957236,0.528230726719
2428,1.0,0.0398863367736,-0.10738312453
2429,1.0,-0.0169349946082,0.17102226615
2430,1.0,0.150384798646,-0.23832026124
2431,1.0,-0.301346391439,0.752124547958
2432,0.0,0.20988984406,-0.59573251009
2433,1.0,-0.179070264101,0.380587518215
2434,0.0,0.334085166454,-0.789773881435
2435,1.0,-0.0601200945675,0.149133741856
2436,1.0,-0.205081284046,0.484734088182
2437,0.0,0.139504015446,-0.309656769037
2438,0.0,0.233529806137,-0.514511883259
2439,0.0,0.292632609606,-0.803674817085
2440,1.0,0.0149692110717,-0.0693229138851
2441,0.0,0.197906807065,-0.474568843842
2442,0.0,0.202934727073,-0.425450563431
2443,1.0,-0.310731500387,0.539293408394
2444,1.0,-0.306530892849,0.661587953568
2445,0.0,0.301596939564,-0.649355113506
2446,0.0,0.227228194475,-0.553124189377
2447,1.0,-0.0223799720407,0.0672111138701
2448,1.0,-0.152061104774,0.359453350306
2449,1.0,-0.245656341314,0.600645065308
2450,1.0,-0.0566936247051,0.00610871613026
2451,0.0,0.181746199727,-0.551426172256
2452,1.0,-0.362270206213,0.758741855621
2453,0.0,0.316110908985,-0.858077943325
2454,0.0,0.117019370198,-0.362696349621
2455,0.0,0.337990701199,-0.884931921959
2456,1.0,-0.190996319056,0.36123418808
2457,0.0,0.287176251411,-0.615818023682
2458,1.0,-0.291598290205,0.598131477833
2459,1.0,-0.135610222816,0.258607387543
2460,1.0,-0.149293929338,0.344265669584
2461,1.0,-0.0807273238897,0.209139466286
2462,0.0,0.390554070473,-0.894589185715
2463,0.0,0.326661229134,-0.71617525816
2464,1.0,-0.237567096949,0.601308226585
2465,1.0,-0.159929528832,0.37923181057
2466,1.0,-0.277018338442,0.686926841736
2467,0.0,0.0879668593407,-0.119405589998
2468,1.0,0.00872551649809,-0.0399383679032
2469,1.0,-0.0980516374111,0.265435874462
2470,1.0,-0.312307834625,0.64729654789
2471,1.0,-0.321485489607,0.619396626949
2472,0.0,0.276826858521,-0.58778399229
2473,0.0,0.250784963369,-0.591860949993
2474,0.0,0.335438042879,-0.744084894657
2475,1.0,0.0753457844257,-0.131436079741
2476,1.0,-0.192797407508,0.536359488964
2477,1.0,-0.163389772177,0.304767608643
2478,0.0,0.385629922152,-0.825185775757
2479,0.0,0.148235663772,-0.355180889368
2480,0.0,0.322541087866,-0.686629235744
2481,0.0,0.267398864031,-0.581130862236
2482,0.0,0.294406324625,-0.607309639454
2483,1.0,-0.309848248959,0.750888049603
2484,0.0,0.352712005377,-0.824644088745
2485,1.0,-0.248078733683,0.649477124214
2486,1.0,-0.196382775903,0.369576901197
2487,1.0,-0.117059633136,0.284450858831
2488,1.0,-0.130287095904,0.378851145506
2489,1.0,0.000513108447194,0.0548757389188
2490,0.0,0.210889294744,-0.45856782794
2491,1.0,-0.129719763994,0.289208233356
2492,0.0,0.104490481317,-0.269531846046
2493,1.0,-0.156831026077,0.280393898487
2494,0.0,0.338990032673,-0.751496195793
2495,1.0,-0.0799936205149,0.234375983477
2496,1.0,-0.215555906296,0.562341868877
2497,0.0,0.297714859247,-0.754909813404
2498,1.0,-0.20760653913,0.426911383867
2499,0.0,0.116609409451,-0.345974683762
2500,1.0,-0.0222521498799,0.0177019387484
2501,1.0,-0.171339169145,0.433088213205
2502,1.0,-0.250128388405,0.531983911991
2503,0.0,0.110498905182,-0.314142405987
2504,0.0,0.118850469589,-0.257243067026
